survey_id,module,check_id,variable,description,severity,failed_n,failed_ratio
MEX_2025_ENOE_V01_M_V07_A_GLD_ALL,Labour,labour.nlf_week_skip_pattern,industrycat_isic,Variable industrycat_isic has labour answers for 7-day NLF,1,147319.0,0.36098838762163105
MEX_2025_ENOE_V01_M_V07_A_GLD_ALL,Labour,labour.nlf_week_skip_pattern,industrycat_isic_2,Variable industrycat_isic_2 has labour answers for 7-day NLF,1,147319.0,0.36098838762163105
MEX_2025_ENOE_V01_M_V07_A_GLD_ALL,Labour,labour.nlf_week_skip_pattern,occup_isco,Variable occup_isco has labour answers for 7-day NLF,1,147319.0,0.36098838762163105
MEX_2025_ENOE_V01_M_V07_A_GLD_ALL,Labour,labour.nlf_week_skip_pattern,occup_isco_2,Variable occup_isco_2 has labour answers for 7-day NLF,1,147319.0,0.36098838762163105
MEX_2025_ENOE_V01_M_V07_A_GLD_ALL,Labour,labour.nlfreason_partial_missing_week,nlfreason,Some NLF individuals answered nlfreason while others did not,1,30.0,0.00020363972060630334
MEX_2025_ENOE_V01_M_V07_A_GLD_ALL,Labour,labour.unemployed_week_skip_pattern,industrycat_isic,Variable industrycat_isic has labour answers for 7-day unemployed,1,5462.0,0.013384007311951267
MEX_2025_ENOE_V01_M_V07_A_GLD_ALL,Labour,labour.unemployed_week_skip_pattern,industrycat_isic_2,Variable industrycat_isic_2 has labour answers for 7-day unemployed,1,5462.0,0.013384007311951267
MEX_2025_ENOE_V01_M_V07_A_GLD_ALL,Labour,labour.unemployed_week_skip_pattern,occup_isco,Variable occup_isco has labour answers for 7-day unemployed,1,5462.0,0.013384007311951267
MEX_2025_ENOE_V01_M_V07_A_GLD_ALL,Labour,labour.unemployed_week_skip_pattern,occup_isco_2,Variable occup_isco_2 has labour answers for 7-day unemployed,1,5462.0,0.013384007311951267
MEX_2025_ENOE_V01_M_V07_A_GLD_ALL,Overall,overall.categorical_range,t_hours_annual,"Variable values outside of range 1, 3120",1,7877.0,0.01930168905094107
MEX_2025_ENOE_V01_M_V07_A_GLD_ALL,Overall,overall.categorical_range,t_hours_total,"Variable values outside of range 1, 3120",1,7877.0,0.01930168905094107
MEX_2025_ENOE_V01_M_V07_A_GLD_ALL,Overall,overall.categorical_range,whours,"Variable values outside of range 1, 84",1,3156.0,0.007733417626605309
MEX_2025_ENOE_V01_M_V07_A_GLD_ALL,Overall,overall.invariant_changes,minlaborage,Invariant variable takes 2+ values,1,,
MEX_2025_ENOE_V01_M_V07_A_GLD_ALL,Overall,overall.not_unique_within_hh,hsize,Variable is not unique within HH,99,143398.0,0.3513804248478923
MEX_2025_ENOE_V01_M_V07_A_GLD_ALL,Overall,overall.string_type_mismatch,subnatid1,A string var is not string,1,,
MEX_2025_ENOE_V01_M_V07_A_GLD_ALL,Overall,overall.string_type_mismatch,subnatid2,A string var is not string,1,,
MEX_2025_ENOE_V01_M_V07_A_GLD_ALL,Overall,overall.string_type_mismatch,subnatid3,A string var is not string,1,,
MEX_2025_ENOE_V01_M_V07_A_GLD_ALL,Overall,overall.variable_not_in_data,comm_dsablty,Variable not in data,1,,
MEX_2025_ENOE_V01_M_V07_A_GLD_ALL,Overall,overall.variable_not_in_data,conc_dsord,Variable not in data,1,,
MEX_2025_ENOE_V01_M_V07_A_GLD_ALL,Overall,overall.variable_not_in_data,contract_year,Variable not in data,1,,
MEX_2025_ENOE_V01_M_V07_A_GLD_ALL,Overall,overall.variable_not_in_data,educat_isced,Variable not in data,1,,
MEX_2025_ENOE_V01_M_V07_A_GLD_ALL,Overall,overall.variable_not_in_data,educat_orig,Variable not in data,1,,
MEX_2025_ENOE_V01_M_V07_A_GLD_ALL,Overall,overall.variable_not_in_data,empstat_2_year,Variable not in data,1,,
MEX_2025_ENOE_V01_M_V07_A_GLD_ALL,Overall,overall.variable_not_in_data,empstat_year,Variable not in data,1,,
MEX_2025_ENOE_V01_M_V07_A_GLD_ALL,Overall,overall.variable_not_in_data,eye_dsablty,Variable not in data,1,,
MEX_2025_ENOE_V01_M_V07_A_GLD_ALL,Overall,overall.variable_not_in_data,firmsize_l_2_year,Variable not in data,1,,
MEX_2025_ENOE_V01_M_V07_A_GLD_ALL,Overall,overall.variable_not_in_data,firmsize_l_year,Variable not in data,1,,
MEX_2025_ENOE_V01_M_V07_A_GLD_ALL,Overall,overall.variable_not_in_data,firmsize_u_2_year,Variable not in data,1,,
MEX_2025_ENOE_V01_M_V07_A_GLD_ALL,Overall,overall.variable_not_in_data,firmsize_u_year,Variable not in data,1,,
MEX_2025_ENOE_V01_M_V07_A_GLD_ALL,Overall,overall.variable_not_in_data,gaul_adm1_code,Variable not in data,1,,
MEX_2025_ENOE_V01_M_V07_A_GLD_ALL,Overall,overall.variable_not_in_data,gaul_adm2_code,Variable not in data,1,,
MEX_2025_ENOE_V01_M_V07_A_GLD_ALL,Overall,overall.variable_not_in_data,gaul_adm3_code,Variable not in data,1,,
MEX_2025_ENOE_V01_M_V07_A_GLD_ALL,Overall,overall.variable_not_in_data,healthins,Variable not in data,1,,
MEX_2025_ENOE_V01_M_V07_A_GLD_ALL,Overall,overall.variable_not_in_data,healthins_year,Variable not in data,1,,
MEX_2025_ENOE_V01_M_V07_A_GLD_ALL,Overall,overall.variable_not_in_data,hear_dsablty,Variable not in data,1,,
MEX_2025_ENOE_V01_M_V07_A_GLD_ALL,Overall,overall.variable_not_in_data,industry_orig_2_year,Variable not in data,1,,
MEX_2025_ENOE_V01_M_V07_A_GLD_ALL,Overall,overall.variable_not_in_data,industry_orig_year,Variable not in data,1,,
MEX_2025_ENOE_V01_M_V07_A_GLD_ALL,Overall,overall.variable_not_in_data,industrycat10_2_year,Variable not in data,1,,
MEX_2025_ENOE_V01_M_V07_A_GLD_ALL,Overall,overall.variable_not_in_data,industrycat10_year,Variable not in data,1,,
MEX_2025_ENOE_V01_M_V07_A_GLD_ALL,Overall,overall.variable_not_in_data,industrycat4_2_year,Variable not in data,1,,
MEX_2025_ENOE_V01_M_V07_A_GLD_ALL,Overall,overall.variable_not_in_data,industrycat4_year,Variable not in data,1,,
MEX_2025_ENOE_V01_M_V07_A_GLD_ALL,Overall,overall.variable_not_in_data,industrycat_isic_2_year,Variable not in data,1,,
MEX_2025_ENOE_V01_M_V07_A_GLD_ALL,Overall,overall.variable_not_in_data,industrycat_isic_year,Variable not in data,1,,
MEX_2025_ENOE_V01_M_V07_A_GLD_ALL,Overall,overall.variable_not_in_data,lstatus_year,Variable not in data,1,,
MEX_2025_ENOE_V01_M_V07_A_GLD_ALL,Overall,overall.variable_not_in_data,migrated_binary,Variable not in data,1,,
MEX_2025_ENOE_V01_M_V07_A_GLD_ALL,Overall,overall.variable_not_in_data,migrated_from_cat,Variable not in data,1,,
MEX_2025_ENOE_V01_M_V07_A_GLD_ALL,Overall,overall.variable_not_in_data,migrated_from_code,Variable not in data,1,,
MEX_2025_ENOE_V01_M_V07_A_GLD_ALL,Overall,overall.variable_not_in_data,migrated_from_country,Variable not in data,1,,
MEX_2025_ENOE_V01_M_V07_A_GLD_ALL,Overall,overall.variable_not_in_data,migrated_from_urban,Variable not in data,1,,
MEX_2025_ENOE_V01_M_V07_A_GLD_ALL,Overall,overall.variable_not_in_data,migrated_mod_age,Variable not in data,1,,
MEX_2025_ENOE_V01_M_V07_A_GLD_ALL,Overall,overall.variable_not_in_data,migrated_reason,Variable not in data,1,,
MEX_2025_ENOE_V01_M_V07_A_GLD_ALL,Overall,overall.variable_not_in_data,migrated_ref_time,Variable not in data,1,,
MEX_2025_ENOE_V01_M_V07_A_GLD_ALL,Overall,overall.variable_not_in_data,migrated_years,Variable not in data,1,,
MEX_2025_ENOE_V01_M_V07_A_GLD_ALL,Overall,overall.variable_not_in_data,nlfreason_year,Variable not in data,1,,
MEX_2025_ENOE_V01_M_V07_A_GLD_ALL,Overall,overall.variable_not_in_data,occup_2_year,Variable not in data,1,,
MEX_2025_ENOE_V01_M_V07_A_GLD_ALL,Overall,overall.variable_not_in_data,occup_isco_2_year,Variable not in data,1,,
MEX_2025_ENOE_V01_M_V07_A_GLD_ALL,Overall,overall.variable_not_in_data,occup_isco_year,Variable not in data,1,,
MEX_2025_ENOE_V01_M_V07_A_GLD_ALL,Overall,overall.variable_not_in_data,occup_orig_2_year,Variable not in data,1,,
MEX_2025_ENOE_V01_M_V07_A_GLD_ALL,Overall,overall.variable_not_in_data,occup_orig_year,Variable not in data,1,,
MEX_2025_ENOE_V01_M_V07_A_GLD_ALL,Overall,overall.variable_not_in_data,occup_skill_2_year,Variable not in data,1,,
MEX_2025_ENOE_V01_M_V07_A_GLD_ALL,Overall,overall.variable_not_in_data,occup_skill_year,Variable not in data,1,,
MEX_2025_ENOE_V01_M_V07_A_GLD_ALL,Overall,overall.variable_not_in_data,occup_year,Variable not in data,1,,
MEX_2025_ENOE_V01_M_V07_A_GLD_ALL,Overall,overall.variable_not_in_data,ocusec_2,Variable not in data,1,,
MEX_2025_ENOE_V01_M_V07_A_GLD_ALL,Overall,overall.variable_not_in_data,ocusec_2_year,Variable not in data,1,,
MEX_2025_ENOE_V01_M_V07_A_GLD_ALL,Overall,overall.variable_not_in_data,ocusec_year,Variable not in data,1,,
MEX_2025_ENOE_V01_M_V07_A_GLD_ALL,Overall,overall.variable_not_in_data,potential_lf_year,Variable not in data,1,,
MEX_2025_ENOE_V01_M_V07_A_GLD_ALL,Overall,overall.variable_not_in_data,slfcre_dsablty,Variable not in data,1,,
MEX_2025_ENOE_V01_M_V07_A_GLD_ALL,Overall,overall.variable_not_in_data,socialsec,Variable not in data,1,,
MEX_2025_ENOE_V01_M_V07_A_GLD_ALL,Overall,overall.variable_not_in_data,socialsec_year,Variable not in data,1,,
MEX_2025_ENOE_V01_M_V07_A_GLD_ALL,Overall,overall.variable_not_in_data,subnatid1_prev,Variable not in data,1,,
MEX_2025_ENOE_V01_M_V07_A_GLD_ALL,Overall,overall.variable_not_in_data,subnatid2_prev,Variable not in data,1,,
MEX_2025_ENOE_V01_M_V07_A_GLD_ALL,Overall,overall.variable_not_in_data,subnatid3_prev,Variable not in data,1,,
MEX_2025_ENOE_V01_M_V07_A_GLD_ALL,Overall,overall.variable_not_in_data,t_hours_others,Variable not in data,1,,
MEX_2025_ENOE_V01_M_V07_A_GLD_ALL,Overall,overall.variable_not_in_data,t_hours_others_year,Variable not in data,1,,
MEX_2025_ENOE_V01_M_V07_A_GLD_ALL,Overall,overall.variable_not_in_data,t_hours_total_year,Variable not in data,1,,
MEX_2025_ENOE_V01_M_V07_A_GLD_ALL,Overall,overall.variable_not_in_data,t_wage_nocompen_others,Variable not in data,1,,
MEX_2025_ENOE_V01_M_V07_A_GLD_ALL,Overall,overall.variable_not_in_data,t_wage_nocompen_others_year,Variable not in data,1,,
MEX_2025_ENOE_V01_M_V07_A_GLD_ALL,Overall,overall.variable_not_in_data,t_wage_others,Variable not in data,1,,
MEX_2025_ENOE_V01_M_V07_A_GLD_ALL,Overall,overall.variable_not_in_data,t_wage_others_year,Variable not in data,1,,
MEX_2025_ENOE_V01_M_V07_A_GLD_ALL,Overall,overall.variable_not_in_data,underemployment_year,Variable not in data,1,,
MEX_2025_ENOE_V01_M_V07_A_GLD_ALL,Overall,overall.variable_not_in_data,unempldur_l_year,Variable not in data,1,,
MEX_2025_ENOE_V01_M_V07_A_GLD_ALL,Overall,overall.variable_not_in_data,unempldur_u_year,Variable not in data,1,,
MEX_2025_ENOE_V01_M_V07_A_GLD_ALL,Overall,overall.variable_not_in_data,union,Variable not in data,1,,
MEX_2025_ENOE_V01_M_V07_A_GLD_ALL,Overall,overall.variable_not_in_data,union_year,Variable not in data,1,,
MEX_2025_ENOE_V01_M_V07_A_GLD_ALL,Overall,overall.variable_not_in_data,unitwage_2,Variable not in data,1,,
MEX_2025_ENOE_V01_M_V07_A_GLD_ALL,Overall,overall.variable_not_in_data,unitwage_2_year,Variable not in data,1,,
MEX_2025_ENOE_V01_M_V07_A_GLD_ALL,Overall,overall.variable_not_in_data,unitwage_year,Variable not in data,1,,
MEX_2025_ENOE_V01_M_V07_A_GLD_ALL,Overall,overall.variable_not_in_data,vocational,Variable not in data,1,,
MEX_2025_ENOE_V01_M_V07_A_GLD_ALL,Overall,overall.variable_not_in_data,vocational_field_orig,Variable not in data,1,,
MEX_2025_ENOE_V01_M_V07_A_GLD_ALL,Overall,overall.variable_not_in_data,vocational_financed,Variable not in data,1,,
MEX_2025_ENOE_V01_M_V07_A_GLD_ALL,Overall,overall.variable_not_in_data,vocational_length_l,Variable not in data,1,,
MEX_2025_ENOE_V01_M_V07_A_GLD_ALL,Overall,overall.variable_not_in_data,vocational_length_u,Variable not in data,1,,
MEX_2025_ENOE_V01_M_V07_A_GLD_ALL,Overall,overall.variable_not_in_data,vocational_type,Variable not in data,1,,
MEX_2025_ENOE_V01_M_V07_A_GLD_ALL,Overall,overall.variable_not_in_data,wage_no_compen_2,Variable not in data,1,,
MEX_2025_ENOE_V01_M_V07_A_GLD_ALL,Overall,overall.variable_not_in_data,wage_no_compen_2_year,Variable not in data,1,,
MEX_2025_ENOE_V01_M_V07_A_GLD_ALL,Overall,overall.variable_not_in_data,wage_no_compen_year,Variable not in data,1,,
MEX_2025_ENOE_V01_M_V07_A_GLD_ALL,Overall,overall.variable_not_in_data,wage_total_2,Variable not in data,1,,
MEX_2025_ENOE_V01_M_V07_A_GLD_ALL,Overall,overall.variable_not_in_data,wage_total_2_year,Variable not in data,1,,
MEX_2025_ENOE_V01_M_V07_A_GLD_ALL,Overall,overall.variable_not_in_data,walk_dsablty,Variable not in data,1,,
MEX_2025_ENOE_V01_M_V07_A_GLD_ALL,Overall,overall.variable_not_in_data,whours_2,Variable not in data,1,,
MEX_2025_ENOE_V01_M_V07_A_GLD_ALL,Overall,overall.variable_not_in_data,whours_2_year,Variable not in data,1,,
MEX_2025_ENOE_V01_M_V07_A_GLD_ALL,Overall,overall.variable_not_in_data,whours_year,Variable not in data,1,,
MEX_2025_ENOE_V01_M_V07_A_GLD_ALL,Overall,overall.variable_not_in_data,wmonths_2,Variable not in data,1,,
MEX_2025_ENOE_V01_M_V07_A_GLD_ALL,Overall,overall.variable_not_in_data,wmonths_2_year,Variable not in data,1,,
MEX_2025_ENOE_V01_M_V07_A_GLD_ALL,Overall,overall.variable_not_in_data,wmonths_year,Variable not in data,1,,
MEX_2025_ENOE_V01_M_V07_A_GLD_ALL,Overall,overall.variable_not_in_dictionary,c_res,Variable not in dictionary,1,,
MEX_2025_ENOE_V01_M_V07_A_GLD_ALL,Overall,overall.variable_not_in_dictionary,cd_a,Variable not in dictionary,1,,
MEX_2025_ENOE_V01_M_V07_A_GLD_ALL,Overall,overall.variable_not_in_dictionary,clase2,Variable not in dictionary,1,,
MEX_2025_ENOE_V01_M_V07_A_GLD_ALL,Overall,overall.variable_not_in_dictionary,con,Variable not in dictionary,1,,
MEX_2025_ENOE_V01_M_V07_A_GLD_ALL,Overall,overall.variable_not_in_dictionary,dur_est,Variable not in dictionary,1,,
MEX_2025_ENOE_V01_M_V07_A_GLD_ALL,Overall,overall.variable_not_in_dictionary,emp_ppal,Variable not in dictionary,1,,
MEX_2025_ENOE_V01_M_V07_A_GLD_ALL,Overall,overall.variable_not_in_dictionary,ent,Variable not in dictionary,1,,
MEX_2025_ENOE_V01_M_V07_A_GLD_ALL,Overall,overall.variable_not_in_dictionary,h_mud,Variable not in dictionary,1,,
MEX_2025_ENOE_V01_M_V07_A_GLD_ALL,Overall,overall.variable_not_in_dictionary,ingreso,Variable not in dictionary,1,,
MEX_2025_ENOE_V01_M_V07_A_GLD_ALL,Overall,overall.variable_not_in_dictionary,lpt,Variable not in dictionary,1,,
MEX_2025_ENOE_V01_M_V07_A_GLD_ALL,Overall,overall.variable_not_in_dictionary,mes_cal,Variable not in dictionary,1,,
MEX_2025_ENOE_V01_M_V07_A_GLD_ALL,Overall,overall.variable_not_in_dictionary,mh_col,Variable not in dictionary,1,,
MEX_2025_ENOE_V01_M_V07_A_GLD_ALL,Overall,overall.variable_not_in_dictionary,mh_fil2,Variable not in dictionary,1,,
MEX_2025_ENOE_V01_M_V07_A_GLD_ALL,Overall,overall.variable_not_in_dictionary,mun,Variable not in dictionary,1,,
MEX_2025_ENOE_V01_M_V07_A_GLD_ALL,Overall,overall.variable_not_in_dictionary,mv,Variable not in dictionary,1,,
MEX_2025_ENOE_V01_M_V07_A_GLD_ALL,Overall,overall.variable_not_in_dictionary,n_ent,Variable not in dictionary,1,,
MEX_2025_ENOE_V01_M_V07_A_GLD_ALL,Overall,overall.variable_not_in_dictionary,n_hog,Variable not in dictionary,1,,
MEX_2025_ENOE_V01_M_V07_A_GLD_ALL,Overall,overall.variable_not_in_dictionary,n_ren,Variable not in dictionary,1,,
MEX_2025_ENOE_V01_M_V07_A_GLD_ALL,Overall,overall.variable_not_in_dictionary,p2a_anio,Variable not in dictionary,1,,
MEX_2025_ENOE_V01_M_V07_A_GLD_ALL,Overall,overall.variable_not_in_dictionary,p2a_dia,Variable not in dictionary,1,,
MEX_2025_ENOE_V01_M_V07_A_GLD_ALL,Overall,overall.variable_not_in_dictionary,p2a_mes,Variable not in dictionary,1,,
MEX_2025_ENOE_V01_M_V07_A_GLD_ALL,Overall,overall.variable_not_in_dictionary,p2a_sem,Variable not in dictionary,1,,
MEX_2025_ENOE_V01_M_V07_A_GLD_ALL,Overall,overall.variable_not_in_dictionary,p2b,Variable not in dictionary,1,,
MEX_2025_ENOE_V01_M_V07_A_GLD_ALL,Overall,overall.variable_not_in_dictionary,p2b_anio,Variable not in dictionary,1,,
MEX_2025_ENOE_V01_M_V07_A_GLD_ALL,Overall,overall.variable_not_in_dictionary,p2b_dia,Variable not in dictionary,1,,
MEX_2025_ENOE_V01_M_V07_A_GLD_ALL,Overall,overall.variable_not_in_dictionary,p2b_mes,Variable not in dictionary,1,,
MEX_2025_ENOE_V01_M_V07_A_GLD_ALL,Overall,overall.variable_not_in_dictionary,p2b_sem,Variable not in dictionary,1,,
MEX_2025_ENOE_V01_M_V07_A_GLD_ALL,Overall,overall.variable_not_in_dictionary,p2d1,Variable not in dictionary,1,,
MEX_2025_ENOE_V01_M_V07_A_GLD_ALL,Overall,overall.variable_not_in_dictionary,p2d10,Variable not in dictionary,1,,
MEX_2025_ENOE_V01_M_V07_A_GLD_ALL,Overall,overall.variable_not_in_dictionary,p2d11,Variable not in dictionary,1,,
MEX_2025_ENOE_V01_M_V07_A_GLD_ALL,Overall,overall.variable_not_in_dictionary,p2d2,Variable not in dictionary,1,,
MEX_2025_ENOE_V01_M_V07_A_GLD_ALL,Overall,overall.variable_not_in_dictionary,p2d3,Variable not in dictionary,1,,
MEX_2025_ENOE_V01_M_V07_A_GLD_ALL,Overall,overall.variable_not_in_dictionary,p2d4,Variable not in dictionary,1,,
MEX_2025_ENOE_V01_M_V07_A_GLD_ALL,Overall,overall.variable_not_in_dictionary,p2d5,Variable not in dictionary,1,,
MEX_2025_ENOE_V01_M_V07_A_GLD_ALL,Overall,overall.variable_not_in_dictionary,p2d6,Variable not in dictionary,1,,
MEX_2025_ENOE_V01_M_V07_A_GLD_ALL,Overall,overall.variable_not_in_dictionary,p2d7,Variable not in dictionary,1,,
MEX_2025_ENOE_V01_M_V07_A_GLD_ALL,Overall,overall.variable_not_in_dictionary,p2d8,Variable not in dictionary,1,,
MEX_2025_ENOE_V01_M_V07_A_GLD_ALL,Overall,overall.variable_not_in_dictionary,p2d9,Variable not in dictionary,1,,
MEX_2025_ENOE_V01_M_V07_A_GLD_ALL,Overall,overall.variable_not_in_dictionary,p2d99,Variable not in dictionary,1,,
MEX_2025_ENOE_V01_M_V07_A_GLD_ALL,Overall,overall.variable_not_in_dictionary,p6b2,Variable not in dictionary,1,,
MEX_2025_ENOE_V01_M_V07_A_GLD_ALL,Overall,overall.variable_not_in_dictionary,p6c,Variable not in dictionary,1,,
MEX_2025_ENOE_V01_M_V07_A_GLD_ALL,Overall,overall.variable_not_in_dictionary,pob,Variable not in dictionary,1,,
MEX_2025_ENOE_V01_M_V07_A_GLD_ALL,Overall,overall.variable_not_in_dictionary,r_def,Variable not in dictionary,1,,
MEX_2025_ENOE_V01_M_V07_A_GLD_ALL,Overall,overall.variable_not_in_dictionary,tamh,Variable not in dictionary,1,,
MEX_2025_ENOE_V01_M_V07_A_GLD_ALL,Overall,overall.variable_not_in_dictionary,tipo,Variable not in dictionary,1,,
MEX_2025_ENOE_V01_M_V07_A_GLD_ALL,Overall,overall.variable_not_in_dictionary,tue_ppal,Variable not in dictionary,1,,
MEX_2025_ENOE_V01_M_V07_A_GLD_ALL,Overall,overall.variable_not_in_dictionary,v_sel,Variable not in dictionary,1,,
MEX_2025_ENOE_V01_M_V07_A_GLD_ALL,Overall,overall.variable_not_in_dictionary,zona,Variable not in dictionary,1,,
MEX_2025_ENOE_V01_M_V07_A_GLD_ALL,Overall,overall.variable_unique_dataset,firmsize_l_2,Variable is unique in dataset,99,,
MEX_2025_ENOE_V01_M_V07_A_GLD_ALL,Overall,overall.variable_unique_dataset,firmsize_u_2,Variable is unique in dataset,99,,
MEX_2025_ENOE_V01_M_V07_A_GLD_ALL,Overall,overall.variable_unique_dataset,unempldur_l,Variable is unique in dataset,99,,
MEX_2025_ENOE_V01_M_V07_A_GLD_ALL,Overall,overall.variable_unique_dataset,unempldur_u,Variable is unique in dataset,99,,
MEX_2025_ENOE_V01_M_V07_A_GLD_ALL,Overall,overall.variable_unique_dataset,unitwage,Variable is unique in dataset,99,,
MEX_2025_ENOE_V01_M_V07_A_GLD_ALL,Overall,overall.variable_unique_dataset,wave,Variable is unique in dataset,99,,
