survey_id,variable,category,frequency,share,weighted
MEX_2025_ENOE_V01_M_V07_A_GLD_ALL,c_res,1,128635885.0,0.9819404054708502,yes
MEX_2025_ENOE_V01_M_V07_A_GLD_ALL,c_res,3,2365838.0,0.01805959452914982,yes
MEX_2025_ENOE_V01_M_V07_A_GLD_ALL,cd_a,01,20619541.0,0.1573990061184157,yes
MEX_2025_ENOE_V01_M_V07_A_GLD_ALL,cd_a,02,4596746.0,0.03508920260537337,yes
MEX_2025_ENOE_V01_M_V07_A_GLD_ALL,cd_a,03,4843284.0,0.036971147318421146,yes
MEX_2025_ENOE_V01_M_V07_A_GLD_ALL,cd_a,04,2309164.0,0.017626974265063673,yes
MEX_2025_ENOE_V01_M_V07_A_GLD_ALL,cd_a,05,1824957.0,0.01393078623859016,yes
MEX_2025_ENOE_V01_M_V07_A_GLD_ALL,cd_a,06,1301875.0,0.009937846390005115,yes
MEX_2025_ENOE_V01_M_V07_A_GLD_ALL,cd_a,07,1222479.0,0.00933177802554551,yes
MEX_2025_ENOE_V01_M_V07_A_GLD_ALL,cd_a,08,1264782.0,0.009654697442414555,yes
MEX_2025_ENOE_V01_M_V07_A_GLD_ALL,cd_a,09,988007.0,0.00754193897129124,yes
MEX_2025_ENOE_V01_M_V07_A_GLD_ALL,cd_a,10,825993.0,0.006305207146015935,yes
MEX_2025_ENOE_V01_M_V07_A_GLD_ALL,cd_a,12,693808.0,0.005296174615962875,yes
MEX_2025_ENOE_V01_M_V07_A_GLD_ALL,cd_a,13,680098.0,0.005191519503907594,yes
MEX_2025_ENOE_V01_M_V07_A_GLD_ALL,cd_a,14,1032729.0,0.007883323794145821,yes
MEX_2025_ENOE_V01_M_V07_A_GLD_ALL,cd_a,15,838515.0,0.006400793675057236,yes
MEX_2025_ENOE_V01_M_V07_A_GLD_ALL,cd_a,16,1504452.0,0.011484215364098684,yes
MEX_2025_ENOE_V01_M_V07_A_GLD_ALL,cd_a,17,1133719.0,0.008654229685208034,yes
MEX_2025_ENOE_V01_M_V07_A_GLD_ALL,cd_a,18,487926.0,0.00372457696606021,yes
MEX_2025_ENOE_V01_M_V07_A_GLD_ALL,cd_a,19,690482.0,0.005270785636918684,yes
MEX_2025_ENOE_V01_M_V07_A_GLD_ALL,cd_a,20,1602133.0,0.012229862045402258,yes
MEX_2025_ENOE_V01_M_V07_A_GLD_ALL,cd_a,21,1841825.0,0.014059547903808868,yes
MEX_2025_ENOE_V01_M_V07_A_GLD_ALL,cd_a,24,844900.0,0.006449533492013689,yes
MEX_2025_ENOE_V01_M_V07_A_GLD_ALL,cd_a,25,886032.0,0.006763514095154305,yes
MEX_2025_ENOE_V01_M_V07_A_GLD_ALL,cd_a,26,662135.0,0.005054399170001757,yes
MEX_2025_ENOE_V01_M_V07_A_GLD_ALL,cd_a,27,430825.0,0.003288697202860454,yes
MEX_2025_ENOE_V01_M_V07_A_GLD_ALL,cd_a,28,255934.0,0.0019536689605219927,yes
MEX_2025_ENOE_V01_M_V07_A_GLD_ALL,cd_a,29,872685.0,0.006661629939019962,yes
MEX_2025_ENOE_V01_M_V07_A_GLD_ALL,cd_a,30,261733.0,0.0019979355538705394,yes
MEX_2025_ENOE_V01_M_V07_A_GLD_ALL,cd_a,31,631021.0,0.004816890843489135,yes
MEX_2025_ENOE_V01_M_V07_A_GLD_ALL,cd_a,32,337458.0,0.0025759813861379517,yes
MEX_2025_ENOE_V01_M_V07_A_GLD_ALL,cd_a,33,301558.0,0.0023019391889983003,yes
MEX_2025_ENOE_V01_M_V07_A_GLD_ALL,cd_a,36,1151342.0,0.008788754633402798,yes
MEX_2025_ENOE_V01_M_V07_A_GLD_ALL,cd_a,39,901303.0,0.0068800850810183615,yes
MEX_2025_ENOE_V01_M_V07_A_GLD_ALL,cd_a,40,284744.0,0.0021735897320984093,yes
MEX_2025_ENOE_V01_M_V07_A_GLD_ALL,cd_a,41,947794.0,0.007234973543057903,yes
MEX_2025_ENOE_V01_M_V07_A_GLD_ALL,cd_a,42,189273.0,0.0014448130579168032,yes
MEX_2025_ENOE_V01_M_V07_A_GLD_ALL,cd_a,43,482331.0,0.003681867604138306,yes
MEX_2025_ENOE_V01_M_V07_A_GLD_ALL,cd_a,44,859524.0,0.006561165611539323,yes
MEX_2025_ENOE_V01_M_V07_A_GLD_ALL,cd_a,46,707159.0,0.005398089306046761,yes
MEX_2025_ENOE_V01_M_V07_A_GLD_ALL,cd_a,52,261197.0,0.0019938440046319084,yes
MEX_2025_ENOE_V01_M_V07_A_GLD_ALL,cd_a,81,15869374.0,0.12113866624487069,yes
MEX_2025_ENOE_V01_M_V07_A_GLD_ALL,cd_a,82,4795226.0,0.03660429718164852,yes
MEX_2025_ENOE_V01_M_V07_A_GLD_ALL,cd_a,83,8607323.0,0.0657038915434723,yes
MEX_2025_ENOE_V01_M_V07_A_GLD_ALL,cd_a,84,8218965.0,0.06273936564941211,yes
MEX_2025_ENOE_V01_M_V07_A_GLD_ALL,cd_a,85,6359478.0,0.048544995091400436,yes
MEX_2025_ENOE_V01_M_V07_A_GLD_ALL,cd_a,86,25579894.0,0.1952637981715706,yes
MEX_2025_ENOE_V01_M_V07_A_GLD_ALL,clase2,0,20800368.0,0.15877934674187452,yes
MEX_2025_ENOE_V01_M_V07_A_GLD_ALL,clase2,1,60157215.0,0.4592093418496488,yes
MEX_2025_ENOE_V01_M_V07_A_GLD_ALL,clase2,2,1569693.0,0.011982231714616456,yes
MEX_2025_ENOE_V01_M_V07_A_GLD_ALL,clase2,3,5641951.0,0.04306776178814076,yes
MEX_2025_ENOE_V01_M_V07_A_GLD_ALL,clase2,4,42832496.0,0.3269613179057195,yes
MEX_2025_ENOE_V01_M_V07_A_GLD_ALL,contract,0.0,16965970.0,0.12950951797786658,yes
MEX_2025_ENOE_V01_M_V07_A_GLD_ALL,contract,1.0,23574955.0,0.17995912160636238,yes
MEX_2025_ENOE_V01_M_V07_A_GLD_ALL,contract,<MISSING>,90460798.0,0.690531360415771,yes
MEX_2025_ENOE_V01_M_V07_A_GLD_ALL,dur_est,0,70844508.0,0.5407906581503512,yes
MEX_2025_ENOE_V01_M_V07_A_GLD_ALL,dur_est,1,861703.0,0.00657779898055234,yes
MEX_2025_ENOE_V01_M_V07_A_GLD_ALL,dur_est,2,4081809.0,0.031158437511543263,yes
MEX_2025_ENOE_V01_M_V07_A_GLD_ALL,dur_est,3,10020617.0,0.07649225346448306,yes
MEX_2025_ENOE_V01_M_V07_A_GLD_ALL,dur_est,4,29415009.0,0.22453910014603395,yes
MEX_2025_ENOE_V01_M_V07_A_GLD_ALL,dur_est,5,15033383.0,0.11475713949197447,yes
MEX_2025_ENOE_V01_M_V07_A_GLD_ALL,dur_est,6,744694.0,0.005684612255061714,yes
MEX_2025_ENOE_V01_M_V07_A_GLD_ALL,educat4,1.0,8836081.0,0.0674501128508058,yes
MEX_2025_ENOE_V01_M_V07_A_GLD_ALL,educat4,2.0,71142552.0,0.5430657732646769,yes
MEX_2025_ENOE_V01_M_V07_A_GLD_ALL,educat4,3.0,18059712.0,0.13785858373786428,yes
MEX_2025_ENOE_V01_M_V07_A_GLD_ALL,educat4,4.0,25914289.0,0.19781639818584676,yes
MEX_2025_ENOE_V01_M_V07_A_GLD_ALL,educat4,<MISSING>,7049089.0,0.05380913196080635,yes
MEX_2025_ENOE_V01_M_V07_A_GLD_ALL,educat5,1.0,8836081.0,0.0674501128508058,yes
MEX_2025_ENOE_V01_M_V07_A_GLD_ALL,educat5,2.0,17639004.0,0.13464711452688297,yes
MEX_2025_ENOE_V01_M_V07_A_GLD_ALL,educat5,3.0,53503548.0,0.40841865873779387,yes
MEX_2025_ENOE_V01_M_V07_A_GLD_ALL,educat5,4.0,18059712.0,0.13785858373786428,yes
MEX_2025_ENOE_V01_M_V07_A_GLD_ALL,educat5,5.0,25914289.0,0.19781639818584676,yes
MEX_2025_ENOE_V01_M_V07_A_GLD_ALL,educat5,<MISSING>,7049089.0,0.05380913196080635,yes
MEX_2025_ENOE_V01_M_V07_A_GLD_ALL,educat7,1.0,8836081.0,0.0674501128508058,yes
MEX_2025_ENOE_V01_M_V07_A_GLD_ALL,educat7,2.0,17639004.0,0.13464711452688297,yes
MEX_2025_ENOE_V01_M_V07_A_GLD_ALL,educat7,3.0,15609250.0,0.11915301297220343,yes
MEX_2025_ENOE_V01_M_V07_A_GLD_ALL,educat7,4.0,37894298.0,0.28926564576559044,yes
MEX_2025_ENOE_V01_M_V07_A_GLD_ALL,educat7,5.0,18059712.0,0.13785858373786428,yes
MEX_2025_ENOE_V01_M_V07_A_GLD_ALL,educat7,6.0,3571540.0,0.0272633055368287,yes
MEX_2025_ENOE_V01_M_V07_A_GLD_ALL,educat7,7.0,22342749.0,0.17055309264901805,yes
MEX_2025_ENOE_V01_M_V07_A_GLD_ALL,educat7,<MISSING>,7049089.0,0.05380913196080635,yes
MEX_2025_ENOE_V01_M_V07_A_GLD_ALL,educy,0.0,8836081.0,0.0674501128508058,yes
MEX_2025_ENOE_V01_M_V07_A_GLD_ALL,educy,1.0,2693495.0,0.02056076010542243,yes
MEX_2025_ENOE_V01_M_V07_A_GLD_ALL,educy,10.0,2777755.0,0.02120395775252513,yes
MEX_2025_ENOE_V01_M_V07_A_GLD_ALL,educy,11.0,4337217.0,0.03310809125770048,yes
MEX_2025_ENOE_V01_M_V07_A_GLD_ALL,educy,12.0,20062283.0,0.15314518420494364,yes
MEX_2025_ENOE_V01_M_V07_A_GLD_ALL,educy,13.0,1687025.0,0.0128778840565326,yes
MEX_2025_ENOE_V01_M_V07_A_GLD_ALL,educy,14.0,1828056.0,0.013954442415997841,yes
MEX_2025_ENOE_V01_M_V07_A_GLD_ALL,educy,15.0,2227483.0,0.01700346338192819,yes
MEX_2025_ENOE_V01_M_V07_A_GLD_ALL,educy,16.0,8521362.0,0.06504770933432685,yes
MEX_2025_ENOE_V01_M_V07_A_GLD_ALL,educy,17.0,7070825.0,0.053975053442617694,yes
MEX_2025_ENOE_V01_M_V07_A_GLD_ALL,educy,18.0,129916.0,0.0009917121471753466,yes
MEX_2025_ENOE_V01_M_V07_A_GLD_ALL,educy,19.0,1485087.0,0.011336392880878367,yes
MEX_2025_ENOE_V01_M_V07_A_GLD_ALL,educy,2.0,3878754.0,0.029608419730479424,yes
MEX_2025_ENOE_V01_M_V07_A_GLD_ALL,educy,20.0,74409.0,0.0005680001628680869,yes
MEX_2025_ENOE_V01_M_V07_A_GLD_ALL,educy,21.0,8757.0,6.684644903487262e-05,yes
MEX_2025_ENOE_V01_M_V07_A_GLD_ALL,educy,22.0,1557.0,1.1885339859232234e-05,yes
MEX_2025_ENOE_V01_M_V07_A_GLD_ALL,educy,3.0,4602750.0,0.03513503406363594,yes
MEX_2025_ENOE_V01_M_V07_A_GLD_ALL,educy,4.0,3327710.0,0.02540203230762087,yes
MEX_2025_ENOE_V01_M_V07_A_GLD_ALL,educy,5.0,3123877.0,0.023846075673371107,yes
MEX_2025_ENOE_V01_M_V07_A_GLD_ALL,educy,6.0,15609250.0,0.11915301297220343,yes
MEX_2025_ENOE_V01_M_V07_A_GLD_ALL,educy,7.0,2744357.0,0.020949014540824016,yes
MEX_2025_ENOE_V01_M_V07_A_GLD_ALL,educy,8.0,3547356.0,0.027078697277897634,yes
MEX_2025_ENOE_V01_M_V07_A_GLD_ALL,educy,9.0,25314693.0,0.19323938968344714,yes
MEX_2025_ENOE_V01_M_V07_A_GLD_ALL,educy,<MISSING>,7111668.0,0.054286827967903906,yes
MEX_2025_ENOE_V01_M_V07_A_GLD_ALL,emp_ppal,0,70844508.0,0.5407906581503512,yes
MEX_2025_ENOE_V01_M_V07_A_GLD_ALL,emp_ppal,1,33250614.0,0.25381814252931617,yes
MEX_2025_ENOE_V01_M_V07_A_GLD_ALL,emp_ppal,2,26906601.0,0.2053911993203326,yes
MEX_2025_ENOE_V01_M_V07_A_GLD_ALL,empstat,1.0,41443905.0,0.31636152602359285,yes
MEX_2025_ENOE_V01_M_V07_A_GLD_ALL,empstat,2.0,1996245.0,0.015238311025878644,yes
MEX_2025_ENOE_V01_M_V07_A_GLD_ALL,empstat,3.0,3572775.0,0.0272727328937498,yes
MEX_2025_ENOE_V01_M_V07_A_GLD_ALL,empstat,4.0,12932950.0,0.09872351068237477,yes
MEX_2025_ENOE_V01_M_V07_A_GLD_ALL,empstat,<MISSING>,71055848.0,0.5424039193744039,yes
MEX_2025_ENOE_V01_M_V07_A_GLD_ALL,empstat_2,1.0,814728.0,0.006219215910618214,yes
MEX_2025_ENOE_V01_M_V07_A_GLD_ALL,empstat_2,2.0,327135.0,0.0024971808958573773,yes
MEX_2025_ENOE_V01_M_V07_A_GLD_ALL,empstat_2,4.0,447628.0,0.0034169626913991046,yes
MEX_2025_ENOE_V01_M_V07_A_GLD_ALL,empstat_2,5.0,1529238.0,0.011673418982435827,yes
MEX_2025_ENOE_V01_M_V07_A_GLD_ALL,empstat_2,<MISSING>,127882994.0,0.9761932215196895,yes
MEX_2025_ENOE_V01_M_V07_A_GLD_ALL,ent,1,1519678.0,0.011600442843030393,yes
MEX_2025_ENOE_V01_M_V07_A_GLD_ALL,ent,10,1954301.0,0.014918132030980998,yes
MEX_2025_ENOE_V01_M_V07_A_GLD_ALL,ent,11,6376710.0,0.04867653534602747,yes
MEX_2025_ENOE_V01_M_V07_A_GLD_ALL,ent,12,3578620.0,0.027317350627518083,yes
MEX_2025_ENOE_V01_M_V07_A_GLD_ALL,ent,13,3228160.0,0.024642118638393787,yes
MEX_2025_ENOE_V01_M_V07_A_GLD_ALL,ent,14,8761130.0,0.06687797533777476,yes
MEX_2025_ENOE_V01_M_V07_A_GLD_ALL,ent,15,17789139.0,0.13579316815550585,yes
MEX_2025_ENOE_V01_M_V07_A_GLD_ALL,ent,16,4940153.0,0.03771059560796769,yes
MEX_2025_ENOE_V01_M_V07_A_GLD_ALL,ent,17,1984462.0,0.015148365644015232,yes
MEX_2025_ENOE_V01_M_V07_A_GLD_ALL,ent,18,1257616.0,0.009599995871810022,yes
MEX_2025_ENOE_V01_M_V07_A_GLD_ALL,ent,19,6310265.0,0.04816932827669755,yes
MEX_2025_ENOE_V01_M_V07_A_GLD_ALL,ent,2,3790412.0,0.028934062187869085,yes
MEX_2025_ENOE_V01_M_V07_A_GLD_ALL,ent,20,4190375.0,0.031987174703038065,yes
MEX_2025_ENOE_V01_M_V07_A_GLD_ALL,ent,21,6624540.0,0.05056834252477733,yes
MEX_2025_ENOE_V01_M_V07_A_GLD_ALL,ent,22,2498744.0,0.019074130803607828,yes
MEX_2025_ENOE_V01_M_V07_A_GLD_ALL,ent,23,1920249.0,0.014658196518529761,yes
MEX_2025_ENOE_V01_M_V07_A_GLD_ALL,ent,24,2924773.0,0.022326217800967395,yes
MEX_2025_ENOE_V01_M_V07_A_GLD_ALL,ent,25,3135869.0,0.023937616454098087,yes
MEX_2025_ENOE_V01_M_V07_A_GLD_ALL,ent,26,3032476.0,0.023148367292848505,yes
MEX_2025_ENOE_V01_M_V07_A_GLD_ALL,ent,27,2567516.0,0.019599100998083818,yes
MEX_2025_ENOE_V01_M_V07_A_GLD_ALL,ent,28,3597414.0,0.027460814389441274,yes
MEX_2025_ENOE_V01_M_V07_A_GLD_ALL,ent,29,1449354.0,0.011063625476132096,yes
MEX_2025_ENOE_V01_M_V07_A_GLD_ALL,ent,3,906940.0,0.006923115049410457,yes
MEX_2025_ENOE_V01_M_V07_A_GLD_ALL,ent,30,8068202.0,0.06158851819071112,yes
MEX_2025_ENOE_V01_M_V07_A_GLD_ALL,ent,31,2432221.0,0.01856632832226184,yes
MEX_2025_ENOE_V01_M_V07_A_GLD_ALL,ent,32,1703991.0,0.013007393803515089,yes
MEX_2025_ENOE_V01_M_V07_A_GLD_ALL,ent,4,918817.0,0.007013777979088107,yes
MEX_2025_ENOE_V01_M_V07_A_GLD_ALL,ent,5,3582441.0,0.027346518182818098,yes
MEX_2025_ENOE_V01_M_V07_A_GLD_ALL,ent,6,745394.0,0.005689955696231568,yes
MEX_2025_ENOE_V01_M_V07_A_GLD_ALL,ent,7,5900473.0,0.04504118621401644,yes
MEX_2025_ENOE_V01_M_V07_A_GLD_ALL,ent,8,3991333.0,0.030467790106852258,yes
MEX_2025_ENOE_V01_M_V07_A_GLD_ALL,ent,9,9319955.0,0.07114375892597993,yes
MEX_2025_ENOE_V01_M_V07_A_GLD_ALL,firmsize_l,1.0,12181663.0,0.09298857084498041,yes
MEX_2025_ENOE_V01_M_V07_A_GLD_ALL,firmsize_l,101.0,2285633.0,0.01744735067339534,yes
MEX_2025_ENOE_V01_M_V07_A_GLD_ALL,firmsize_l,11.0,2137662.0,0.01631781591147469,yes
MEX_2025_ENOE_V01_M_V07_A_GLD_ALL,firmsize_l,16.0,1951383.0,0.014895857514790091,yes
MEX_2025_ENOE_V01_M_V07_A_GLD_ALL,firmsize_l,2.0,18096344.0,0.13813821364777013,yes
MEX_2025_ENOE_V01_M_V07_A_GLD_ALL,firmsize_l,21.0,1963450.0,0.014987970807070988,yes
MEX_2025_ENOE_V01_M_V07_A_GLD_ALL,firmsize_l,251.0,1767679.0,0.01349355534812317,yes
MEX_2025_ENOE_V01_M_V07_A_GLD_ALL,firmsize_l,31.0,2140441.0,0.01633902937291901,yes
MEX_2025_ENOE_V01_M_V07_A_GLD_ALL,firmsize_l,501.0,6310441.0,0.0481706717704774,yes
MEX_2025_ENOE_V01_M_V07_A_GLD_ALL,firmsize_l,51.0,2475610.0,0.01889753770643154,yes
MEX_2025_ENOE_V01_M_V07_A_GLD_ALL,firmsize_l,6.0,4624970.0,0.035304650153341874,yes
MEX_2025_ENOE_V01_M_V07_A_GLD_ALL,firmsize_l,<MISSING>,75066447.0,0.5730187762492254,yes
MEX_2025_ENOE_V01_M_V07_A_GLD_ALL,firmsize_u,1.0,12181663.0,0.09298857084498041,yes
MEX_2025_ENOE_V01_M_V07_A_GLD_ALL,firmsize_u,10.0,4624970.0,0.035304650153341874,yes
MEX_2025_ENOE_V01_M_V07_A_GLD_ALL,firmsize_u,100.0,2475610.0,0.01889753770643154,yes
MEX_2025_ENOE_V01_M_V07_A_GLD_ALL,firmsize_u,15.0,2137662.0,0.01631781591147469,yes
MEX_2025_ENOE_V01_M_V07_A_GLD_ALL,firmsize_u,20.0,1951383.0,0.014895857514790091,yes
MEX_2025_ENOE_V01_M_V07_A_GLD_ALL,firmsize_u,250.0,2285633.0,0.01744735067339534,yes
MEX_2025_ENOE_V01_M_V07_A_GLD_ALL,firmsize_u,30.0,1963450.0,0.014987970807070988,yes
MEX_2025_ENOE_V01_M_V07_A_GLD_ALL,firmsize_u,5.0,18096344.0,0.13813821364777013,yes
MEX_2025_ENOE_V01_M_V07_A_GLD_ALL,firmsize_u,50.0,2140441.0,0.01633902937291901,yes
MEX_2025_ENOE_V01_M_V07_A_GLD_ALL,firmsize_u,500.0,1767679.0,0.01349355534812317,yes
MEX_2025_ENOE_V01_M_V07_A_GLD_ALL,firmsize_u,<MISSING>,81376888.0,0.6211894480197028,yes
MEX_2025_ENOE_V01_M_V07_A_GLD_ALL,h_mud,0,127338280.0,0.9720351540719812,yes
MEX_2025_ENOE_V01_M_V07_A_GLD_ALL,h_mud,1,3310842.0,0.02527327064240216,yes
MEX_2025_ENOE_V01_M_V07_A_GLD_ALL,h_mud,2,326978.0,0.002495982438337853,yes
MEX_2025_ENOE_V01_M_V07_A_GLD_ALL,h_mud,3,22431.0,0.0001712267555442763,yes
MEX_2025_ENOE_V01_M_V07_A_GLD_ALL,h_mud,4,3192.0,2.4366091734533903e-05,yes
MEX_2025_ENOE_V01_M_V07_A_GLD_ALL,hsize,1.0,5385610.0,0.041110985998252865,yes
MEX_2025_ENOE_V01_M_V07_A_GLD_ALL,hsize,10.0,447254.0,0.0034141077671169255,yes
MEX_2025_ENOE_V01_M_V07_A_GLD_ALL,hsize,11.0,216305.0,0.0016511614889217908,yes
MEX_2025_ENOE_V01_M_V07_A_GLD_ALL,hsize,12.0,141987.0,0.001083855973405785,yes
MEX_2025_ENOE_V01_M_V07_A_GLD_ALL,hsize,13.0,63566.0,0.00048523025914704954,yes
MEX_2025_ENOE_V01_M_V07_A_GLD_ALL,hsize,14.0,20826.0,0.0001589750082905398,yes
MEX_2025_ENOE_V01_M_V07_A_GLD_ALL,hsize,15.0,3584.0,2.73584187896521e-05,yes
MEX_2025_ENOE_V01_M_V07_A_GLD_ALL,hsize,16.0,9331.0,7.122807079415284e-05,yes
MEX_2025_ENOE_V01_M_V07_A_GLD_ALL,hsize,17.0,899.0,6.862505159569542e-06,yes
MEX_2025_ENOE_V01_M_V07_A_GLD_ALL,hsize,19.0,1060.0,8.091496628635945e-06,yes
MEX_2025_ENOE_V01_M_V07_A_GLD_ALL,hsize,2.0,16831928.0,0.12848631006173866,yes
MEX_2025_ENOE_V01_M_V07_A_GLD_ALL,hsize,21.0,1078.0,8.228899401575046e-06,yes
MEX_2025_ENOE_V01_M_V07_A_GLD_ALL,hsize,3.0,23387017.0,0.17852449925410524,yes
MEX_2025_ENOE_V01_M_V07_A_GLD_ALL,hsize,4.0,29956952.0,0.22867601520019704,yes
MEX_2025_ENOE_V01_M_V07_A_GLD_ALL,hsize,5.0,20043442.0,0.15300136166911332,yes
MEX_2025_ENOE_V01_M_V07_A_GLD_ALL,hsize,6.0,9294798.0,0.07095172328382277,yes
MEX_2025_ENOE_V01_M_V07_A_GLD_ALL,hsize,7.0,4013804.0,0.030639322201891955,yes
MEX_2025_ENOE_V01_M_V07_A_GLD_ALL,hsize,8.0,1751380.0,0.013369137137226813,yes
MEX_2025_ENOE_V01_M_V07_A_GLD_ALL,hsize,9.0,771580.0,0.005889846196908418,yes
MEX_2025_ENOE_V01_M_V07_A_GLD_ALL,hsize,<MISSING>,18659322.0,0.1424356991090873,yes
MEX_2025_ENOE_V01_M_V07_A_GLD_ALL,industrycat10,1.0,6336412.0,0.048368921071366366,yes
MEX_2025_ENOE_V01_M_V07_A_GLD_ALL,industrycat10,10.0,9586987.0,0.07318214432950626,yes
MEX_2025_ENOE_V01_M_V07_A_GLD_ALL,industrycat10,2.0,181231.0,0.001383424552362567,yes
MEX_2025_ENOE_V01_M_V07_A_GLD_ALL,industrycat10,3.0,9656572.0,0.07371332054922666,yes
MEX_2025_ENOE_V01_M_V07_A_GLD_ALL,industrycat10,4.0,436783.0,0.0033341775207032963,yes
MEX_2025_ENOE_V01_M_V07_A_GLD_ALL,industrycat10,5.0,4718029.0,0.03601501485594964,yes
MEX_2025_ENOE_V01_M_V07_A_GLD_ALL,industrycat10,6.0,18977976.0,0.14486814039842819,yes
MEX_2025_ENOE_V01_M_V07_A_GLD_ALL,industrycat10,7.0,3484597.0,0.02659962724307069,yes
MEX_2025_ENOE_V01_M_V07_A_GLD_ALL,industrycat10,8.0,4538767.0,0.034646620640249134,yes
MEX_2025_ENOE_V01_M_V07_A_GLD_ALL,industrycat10,9.0,2239861.0,0.01709795068878598,yes
MEX_2025_ENOE_V01_M_V07_A_GLD_ALL,industrycat10,<MISSING>,70844508.0,0.5407906581503512,yes
MEX_2025_ENOE_V01_M_V07_A_GLD_ALL,industrycat10_2,1.0,747406.0,0.0057053142728512056,yes
MEX_2025_ENOE_V01_M_V07_A_GLD_ALL,industrycat10_2,10.0,632761.0,0.0048301731115399146,yes
MEX_2025_ENOE_V01_M_V07_A_GLD_ALL,industrycat10_2,2.0,2114.0,1.6137192332958857e-05,yes
MEX_2025_ENOE_V01_M_V07_A_GLD_ALL,industrycat10_2,3.0,266263.0,0.00203251525172688,yes
MEX_2025_ENOE_V01_M_V07_A_GLD_ALL,industrycat10_2,4.0,11940.0,9.114383938293697e-05,yes
MEX_2025_ENOE_V01_M_V07_A_GLD_ALL,industrycat10_2,5.0,174034.0,0.0013284863436490832,yes
MEX_2025_ENOE_V01_M_V07_A_GLD_ALL,industrycat10_2,6.0,960684.0,0.007333369195457071,yes
MEX_2025_ENOE_V01_M_V07_A_GLD_ALL,industrycat10_2,7.0,118711.0,0.0009061789210207563,yes
MEX_2025_ENOE_V01_M_V07_A_GLD_ALL,industrycat10_2,8.0,180977.0,0.0013814856465666485,yes
MEX_2025_ENOE_V01_M_V07_A_GLD_ALL,industrycat10_2,9.0,23839.0,0.00018197470578306822,yes
MEX_2025_ENOE_V01_M_V07_A_GLD_ALL,industrycat10_2,<MISSING>,127882994.0,0.9761932215196895,yes
MEX_2025_ENOE_V01_M_V07_A_GLD_ALL,industrycat4,1.0,6336412.0,0.048368921071366366,yes
MEX_2025_ENOE_V01_M_V07_A_GLD_ALL,industrycat4,2.0,14992615.0,0.11444593747824218,yes
MEX_2025_ENOE_V01_M_V07_A_GLD_ALL,industrycat4,3.0,29241201.0,0.223212338970534,yes
MEX_2025_ENOE_V01_M_V07_A_GLD_ALL,industrycat4,4.0,9586987.0,0.07318214432950626,yes
MEX_2025_ENOE_V01_M_V07_A_GLD_ALL,industrycat4,<MISSING>,70844508.0,0.5407906581503512,yes
MEX_2025_ENOE_V01_M_V07_A_GLD_ALL,industrycat4_2,1.0,747406.0,0.0057053142728512056,yes
MEX_2025_ENOE_V01_M_V07_A_GLD_ALL,industrycat4_2,2.0,454351.0,0.003468282627091859,yes
MEX_2025_ENOE_V01_M_V07_A_GLD_ALL,industrycat4_2,3.0,1284211.0,0.009803008468827543,yes
MEX_2025_ENOE_V01_M_V07_A_GLD_ALL,industrycat4_2,4.0,632761.0,0.0048301731115399146,yes
MEX_2025_ENOE_V01_M_V07_A_GLD_ALL,industrycat4_2,<MISSING>,127882994.0,0.9761932215196895,yes
MEX_2025_ENOE_V01_M_V07_A_GLD_ALL,int_month,1,130974.0,0.0009997883768292117,yes
MEX_2025_ENOE_V01_M_V07_A_GLD_ALL,int_month,10,42862454.0,0.32719000192081443,yes
MEX_2025_ENOE_V01_M_V07_A_GLD_ALL,int_month,11,42352083.0,0.32329409133038656,yes
MEX_2025_ENOE_V01_M_V07_A_GLD_ALL,int_month,12,41426529.0,0.3162288865467823,yes
MEX_2025_ENOE_V01_M_V07_A_GLD_ALL,int_month,9,4229683.0,0.03228723182518752,yes
MEX_2025_ENOE_V01_M_V07_A_GLD_ALL,literacy,0.0,7366831.0,0.05623461150965167,yes
MEX_2025_ENOE_V01_M_V07_A_GLD_ALL,literacy,1.0,116797927.0,0.891575502407705,yes
MEX_2025_ENOE_V01_M_V07_A_GLD_ALL,literacy,<MISSING>,6836965.0,0.052189886082643355,yes
MEX_2025_ENOE_V01_M_V07_A_GLD_ALL,lpt,1851.06,27968641.0,0.21349826826323498,yes
MEX_2025_ENOE_V01_M_V07_A_GLD_ALL,lpt,2459.96,103033082.0,0.786501731736765,yes
MEX_2025_ENOE_V01_M_V07_A_GLD_ALL,lstatus,1.0,60188784.0,0.4594503234129218,yes
MEX_2025_ENOE_V01_M_V07_A_GLD_ALL,lstatus,2.0,1704909.0,0.013014401344934982,yes
MEX_2025_ENOE_V01_M_V07_A_GLD_ALL,lstatus,3.0,48307662.0,0.36875592850026867,yes
MEX_2025_ENOE_V01_M_V07_A_GLD_ALL,lstatus,<MISSING>,20800368.0,0.15877934674187452,yes
MEX_2025_ENOE_V01_M_V07_A_GLD_ALL,male,0,68344888.0,0.5217098404117937,yes
MEX_2025_ENOE_V01_M_V07_A_GLD_ALL,male,1,62656835.0,0.4782901595882063,yes
MEX_2025_ENOE_V01_M_V07_A_GLD_ALL,marital,1.0,37572006.0,0.28680543384914103,yes
MEX_2025_ENOE_V01_M_V07_A_GLD_ALL,marital,2.0,41059575.0,0.31342774781672145,yes
MEX_2025_ENOE_V01_M_V07_A_GLD_ALL,marital,3.0,18006281.0,0.13745071887336932,yes
MEX_2025_ENOE_V01_M_V07_A_GLD_ALL,marital,4.0,7288074.0,0.055633420943631405,yes
MEX_2025_ENOE_V01_M_V07_A_GLD_ALL,marital,5.0,6254541.0,0.04774395982562764,yes
MEX_2025_ENOE_V01_M_V07_A_GLD_ALL,marital,<MISSING>,20821246.0,0.1589387186915091,yes
MEX_2025_ENOE_V01_M_V07_A_GLD_ALL,mes_cal,10,42900505.0,0.3274804637493203,yes
MEX_2025_ENOE_V01_M_V07_A_GLD_ALL,mes_cal,11,42081807.0,0.3212309428937816,yes
MEX_2025_ENOE_V01_M_V07_A_GLD_ALL,mes_cal,12,41204904.0,0.3145371149049696,yes
MEX_2025_ENOE_V01_M_V07_A_GLD_ALL,mes_cal,99,4814507.0,0.03675147845192845,yes
MEX_2025_ENOE_V01_M_V07_A_GLD_ALL,mh_col,0,70844508.0,0.5407906581503512,yes
MEX_2025_ENOE_V01_M_V07_A_GLD_ALL,mh_col,1,16518523.0,0.12609393694768428,yes
MEX_2025_ENOE_V01_M_V07_A_GLD_ALL,mh_col,2,23267793.0,0.1776144043540557,yes
MEX_2025_ENOE_V01_M_V07_A_GLD_ALL,mh_col,3,1453563.0,0.01109575482453769,yes
MEX_2025_ENOE_V01_M_V07_A_GLD_ALL,mh_col,4,204026.0,0.0015574298973151674,yes
MEX_2025_ENOE_V01_M_V07_A_GLD_ALL,mh_col,5,1741269.0,0.013291954946271967,yes
MEX_2025_ENOE_V01_M_V07_A_GLD_ALL,mh_col,6,1831506.0,0.013980777947477836,yes
MEX_2025_ENOE_V01_M_V07_A_GLD_ALL,mh_col,7,11393469.0,0.0869719018886492,yes
MEX_2025_ENOE_V01_M_V07_A_GLD_ALL,mh_col,8,1603276.0,0.012238587121483891,yes
MEX_2025_ENOE_V01_M_V07_A_GLD_ALL,mh_col,9,2143790.0,0.01636459392217307,yes
MEX_2025_ENOE_V01_M_V07_A_GLD_ALL,mh_fil2,0,70844508.0,0.5407906581503512,yes
MEX_2025_ENOE_V01_M_V07_A_GLD_ALL,mh_fil2,1,17814928.0,0.13599002816169067,yes
MEX_2025_ENOE_V01_M_V07_A_GLD_ALL,mh_fil2,2,2322547.0,0.017729133226743896,yes
MEX_2025_ENOE_V01_M_V07_A_GLD_ALL,mh_fil2,3,33683328.0,0.25712125938984787,yes
MEX_2025_ENOE_V01_M_V07_A_GLD_ALL,mh_fil2,4,6336412.0,0.048368921071366366,yes
MEX_2025_ENOE_V01_M_V07_A_GLD_ALL,mv,0,110235932.0,0.8414845963514541,yes
MEX_2025_ENOE_V01_M_V07_A_GLD_ALL,mv,1,20765791.0,0.1585154036485459,yes
MEX_2025_ENOE_V01_M_V07_A_GLD_ALL,n_ent,1,27843644.0,0.21254410524050893,yes
MEX_2025_ENOE_V01_M_V07_A_GLD_ALL,n_ent,2,25964361.0,0.1981986221662138,yes
MEX_2025_ENOE_V01_M_V07_A_GLD_ALL,n_ent,3,27019470.0,0.20625278340804723,yes
MEX_2025_ENOE_V01_M_V07_A_GLD_ALL,n_ent,4,23742129.0,0.1812352422265469,yes
MEX_2025_ENOE_V01_M_V07_A_GLD_ALL,n_ent,5,26432119.0,0.20176924695868312,yes
MEX_2025_ENOE_V01_M_V07_A_GLD_ALL,n_hog,1,130368606.0,0.9951671093669509,yes
MEX_2025_ENOE_V01_M_V07_A_GLD_ALL,n_hog,2,548031.0,0.004183387725366024,yes
MEX_2025_ENOE_V01_M_V07_A_GLD_ALL,n_hog,3,77341.0,0.0005903815478823893,yes
MEX_2025_ENOE_V01_M_V07_A_GLD_ALL,n_hog,4,7596.0,5.79839701803006e-05,yes
MEX_2025_ENOE_V01_M_V07_A_GLD_ALL,n_hog,5,149.0,1.1373896204403357e-06,yes
MEX_2025_ENOE_V01_M_V07_A_GLD_ALL,n_ren,01,38961290.0,0.29741051573802585,yes
MEX_2025_ENOE_V01_M_V07_A_GLD_ALL,n_ren,02,33690157.0,0.2571733884752035,yes
MEX_2025_ENOE_V01_M_V07_A_GLD_ALL,n_ren,03,24739148.0,0.1888459741861563,yes
MEX_2025_ENOE_V01_M_V07_A_GLD_ALL,n_ren,04,16909766.0,0.12908048545285164,yes
MEX_2025_ENOE_V01_M_V07_A_GLD_ALL,n_ren,05,8900808.0,0.06794420558880741,yes
MEX_2025_ENOE_V01_M_V07_A_GLD_ALL,n_ren,06,4066469.0,0.03104133981504961,yes
MEX_2025_ENOE_V01_M_V07_A_GLD_ALL,n_ren,07,1871327.0,0.014284751048656055,yes
MEX_2025_ENOE_V01_M_V07_A_GLD_ALL,n_ren,08,902605.0,0.00689002388159429,yes
MEX_2025_ENOE_V01_M_V07_A_GLD_ALL,n_ren,09,448790.0,0.003425832803741062,yes
MEX_2025_ENOE_V01_M_V07_A_GLD_ALL,n_ren,10,243913.0,0.0018619068086608297,yes
MEX_2025_ENOE_V01_M_V07_A_GLD_ALL,n_ren,11,124275.0,0.0009486516448337095,yes
MEX_2025_ENOE_V01_M_V07_A_GLD_ALL,n_ren,12,67702.0,0.0005168023629735008,yes
MEX_2025_ENOE_V01_M_V07_A_GLD_ALL,n_ren,13,34748.0,0.0002652484196715489,yes
MEX_2025_ENOE_V01_M_V07_A_GLD_ALL,n_ren,14,16674.0,0.00012728076866592053,yes
MEX_2025_ENOE_V01_M_V07_A_GLD_ALL,n_ren,15,11980.0,9.144917887835719e-05,yes
MEX_2025_ENOE_V01_M_V07_A_GLD_ALL,n_ren,16,4258.0,3.250338928748288e-05,yes
MEX_2025_ENOE_V01_M_V07_A_GLD_ALL,n_ren,17,3067.0,2.3411905811345703e-05,yes
MEX_2025_ENOE_V01_M_V07_A_GLD_ALL,n_ren,18,2202.0,1.680893922288335e-05,yes
MEX_2025_ENOE_V01_M_V07_A_GLD_ALL,n_ren,19,1900.0,1.4503626032460656e-05,yes
MEX_2025_ENOE_V01_M_V07_A_GLD_ALL,n_ren,20,322.0,2.457982938132806e-06,yes
MEX_2025_ENOE_V01_M_V07_A_GLD_ALL,n_ren,21,154.0,1.1755570573678639e-06,yes
MEX_2025_ENOE_V01_M_V07_A_GLD_ALL,n_ren,22,168.0,1.2824258807649424e-06,yes
MEX_2025_ENOE_V01_M_V07_A_GLD_ALL,njobs,0.0,50060690.0,0.38213764562470676,yes
MEX_2025_ENOE_V01_M_V07_A_GLD_ALL,njobs,1.0,57038486.0,0.4354025633693383,yes
MEX_2025_ENOE_V01_M_V07_A_GLD_ALL,njobs,2.0,3118729.0,0.02380677848031052,yes
MEX_2025_ENOE_V01_M_V07_A_GLD_ALL,njobs,<MISSING>,20783818.0,0.15865301252564443,yes
MEX_2025_ENOE_V01_M_V07_A_GLD_ALL,nlfreason,1.0,15279792.0,0.11663809948514951,yes
MEX_2025_ENOE_V01_M_V07_A_GLD_ALL,nlfreason,2.0,23003027.0,0.17559331643294493,yes
MEX_2025_ENOE_V01_M_V07_A_GLD_ALL,nlfreason,3.0,5351941.0,0.04085397411147027,yes
MEX_2025_ENOE_V01_M_V07_A_GLD_ALL,nlfreason,4.0,501067.0,0.003824888623793139,yes
MEX_2025_ENOE_V01_M_V07_A_GLD_ALL,nlfreason,5.0,4164656.0,0.031790849040970244,yes
MEX_2025_ENOE_V01_M_V07_A_GLD_ALL,nlfreason,<MISSING>,82701240.0,0.6312988723056719,yes
MEX_2025_ENOE_V01_M_V07_A_GLD_ALL,occup,1.0,1878965.0,0.014343055625306547,yes
MEX_2025_ENOE_V01_M_V07_A_GLD_ALL,occup,2.0,5651779.0,0.0431427837021655,yes
MEX_2025_ENOE_V01_M_V07_A_GLD_ALL,occup,3.0,4139063.0,0.031595485198313004,yes
MEX_2025_ENOE_V01_M_V07_A_GLD_ALL,occup,4.0,4151925.0,0.03169366711306538,yes
MEX_2025_ENOE_V01_M_V07_A_GLD_ALL,occup,5.0,13496780.0,0.10302749987494439,yes
MEX_2025_ENOE_V01_M_V07_A_GLD_ALL,occup,6.0,3768039.0,0.02876327817459317,yes
MEX_2025_ENOE_V01_M_V07_A_GLD_ALL,occup,7.0,7972462.0,0.06085768810842282,yes
MEX_2025_ENOE_V01_M_V07_A_GLD_ALL,occup,8.0,6344293.0,0.048429080585451534,yes
MEX_2025_ENOE_V01_M_V07_A_GLD_ALL,occup,9.0,11502321.0,0.08780282225753626,yes
MEX_2025_ENOE_V01_M_V07_A_GLD_ALL,occup,<MISSING>,72096096.0,0.5503446393602014,yes
MEX_2025_ENOE_V01_M_V07_A_GLD_ALL,occup_2,1.0,41916.0,0.0003199652572508531,yes
MEX_2025_ENOE_V01_M_V07_A_GLD_ALL,occup_2,2.0,332655.0,0.0025393177462253685,yes
MEX_2025_ENOE_V01_M_V07_A_GLD_ALL,occup_2,3.0,182707.0,0.0013946915797435732,yes
MEX_2025_ENOE_V01_M_V07_A_GLD_ALL,occup_2,4.0,35418.0,0.00027036285621983766,yes
MEX_2025_ENOE_V01_M_V07_A_GLD_ALL,occup_2,5.0,692767.0,0.005288228155594564,yes
MEX_2025_ENOE_V01_M_V07_A_GLD_ALL,occup_2,6.0,470682.0,0.0035929451095845512,yes
MEX_2025_ENOE_V01_M_V07_A_GLD_ALL,occup_2,7.0,426407.0,0.00325497245559129,yes
MEX_2025_ENOE_V01_M_V07_A_GLD_ALL,occup_2,8.0,149015.0,0.0011375041227511184,yes
MEX_2025_ENOE_V01_M_V07_A_GLD_ALL,occup_2,9.0,701758.0,0.005356860840677645,yes
MEX_2025_ENOE_V01_M_V07_A_GLD_ALL,occup_2,<MISSING>,127968398.0,0.9768451518763612,yes
MEX_2025_ENOE_V01_M_V07_A_GLD_ALL,occup_skill,1.0,8420888.0,0.06428074232275556,yes
MEX_2025_ENOE_V01_M_V07_A_GLD_ALL,occup_skill,2.0,35733499.0,0.2727712138564773,yes
MEX_2025_ENOE_V01_M_V07_A_GLD_ALL,occup_skill,3.0,11277629.0,0.08608763870991223,yes
MEX_2025_ENOE_V01_M_V07_A_GLD_ALL,occup_skill,<MISSING>,75569707.0,0.5768604051108549,yes
MEX_2025_ENOE_V01_M_V07_A_GLD_ALL,occup_skill_2,1.0,397128.0,0.0030314715784310713,yes
MEX_2025_ENOE_V01_M_V07_A_GLD_ALL,occup_skill_2,2.0,1774289.0,0.013544012699741361,yes
MEX_2025_ENOE_V01_M_V07_A_GLD_ALL,occup_skill_2,3.0,544706.0,0.0041580063798092185,yes
MEX_2025_ENOE_V01_M_V07_A_GLD_ALL,occup_skill_2,<MISSING>,128285600.0,0.9792665093420183,yes
MEX_2025_ENOE_V01_M_V07_A_GLD_ALL,ocusec,1.0,6452953.0,0.04925853532476058,yes
MEX_2025_ENOE_V01_M_V07_A_GLD_ALL,ocusec,2.0,44464613.0,0.3394200624368887,yes
MEX_2025_ENOE_V01_M_V07_A_GLD_ALL,ocusec,3.0,462347.0,0.0035293199922263618,yes
MEX_2025_ENOE_V01_M_V07_A_GLD_ALL,ocusec,4.0,774.0,5.908319236381342e-06,yes
MEX_2025_ENOE_V01_M_V07_A_GLD_ALL,ocusec,<MISSING>,79621036.0,0.6077861739268879,yes
MEX_2025_ENOE_V01_M_V07_A_GLD_ALL,p2a_anio,2010.0,883.0,6.740369361401453e-06,yes
MEX_2025_ENOE_V01_M_V07_A_GLD_ALL,p2a_anio,2013.0,70.0,5.343441169853927e-07,yes
MEX_2025_ENOE_V01_M_V07_A_GLD_ALL,p2a_anio,2018.0,198.0,1.5114305023301105e-06,yes
MEX_2025_ENOE_V01_M_V07_A_GLD_ALL,p2a_anio,2019.0,168.0,1.2824258807649424e-06,yes
MEX_2025_ENOE_V01_M_V07_A_GLD_ALL,p2a_anio,2020.0,1230.0,9.3891894841719e-06,yes
MEX_2025_ENOE_V01_M_V07_A_GLD_ALL,p2a_anio,2021.0,799.0,6.099156421018981e-06,yes
MEX_2025_ENOE_V01_M_V07_A_GLD_ALL,p2a_anio,2022.0,3748.0,2.8610310720875023e-05,yes
MEX_2025_ENOE_V01_M_V07_A_GLD_ALL,p2a_anio,2023.0,5603.0,4.277042982098793e-05,yes
MEX_2025_ENOE_V01_M_V07_A_GLD_ALL,p2a_anio,2024.0,46336.0,0.0003537052714947879,yes
MEX_2025_ENOE_V01_M_V07_A_GLD_ALL,p2a_anio,2025.0,1645329.0,0.012559598166506558,yes
MEX_2025_ENOE_V01_M_V07_A_GLD_ALL,p2a_anio,9999.0,545.0,4.160250625100557e-06,yes
MEX_2025_ENOE_V01_M_V07_A_GLD_ALL,p2a_anio,<MISSING>,129296814.0,0.986985598655065,yes
MEX_2025_ENOE_V01_M_V07_A_GLD_ALL,p2a_dia,1.0,269375.0,0.0020562706644705734,yes
MEX_2025_ENOE_V01_M_V07_A_GLD_ALL,p2a_dia,10.0,82687.0,0.0006311901714453023,yes
MEX_2025_ENOE_V01_M_V07_A_GLD_ALL,p2a_dia,11.0,11855.0,9.0494992955169e-05,yes
MEX_2025_ENOE_V01_M_V07_A_GLD_ALL,p2a_dia,12.0,32294.0,0.00024651584162751816,yes
MEX_2025_ENOE_V01_M_V07_A_GLD_ALL,p2a_dia,13.0,15003.0,0.00011452521124474065,yes
MEX_2025_ENOE_V01_M_V07_A_GLD_ALL,p2a_dia,14.0,9763.0,7.452573734469125e-05,yes
MEX_2025_ENOE_V01_M_V07_A_GLD_ALL,p2a_dia,15.0,173583.0,0.00132504364083822,yes
MEX_2025_ENOE_V01_M_V07_A_GLD_ALL,p2a_dia,16.0,18297.0,0.00013966991869259613,yes
MEX_2025_ENOE_V01_M_V07_A_GLD_ALL,p2a_dia,17.0,19253.0,0.0001469675326331395,yes
MEX_2025_ENOE_V01_M_V07_A_GLD_ALL,p2a_dia,18.0,24454.0,0.00018666930052515417,yes
MEX_2025_ENOE_V01_M_V07_A_GLD_ALL,p2a_dia,19.0,10653.0,8.131954111779125e-05,yes
MEX_2025_ENOE_V01_M_V07_A_GLD_ALL,p2a_dia,2.0,54788.0,0.0004182235068770813,yes
MEX_2025_ENOE_V01_M_V07_A_GLD_ALL,p2a_dia,20.0,99113.0,0.0007565778352396174,yes
MEX_2025_ENOE_V01_M_V07_A_GLD_ALL,p2a_dia,21.0,5396.0,4.119029793218827e-05,yes
MEX_2025_ENOE_V01_M_V07_A_GLD_ALL,p2a_dia,22.0,27742.0,0.0002117682070486966,yes
MEX_2025_ENOE_V01_M_V07_A_GLD_ALL,p2a_dia,23.0,7497.0,5.722825492913555e-05,yes
MEX_2025_ENOE_V01_M_V07_A_GLD_ALL,p2a_dia,24.0,17510.0,0.00013366236412020322,yes
MEX_2025_ENOE_V01_M_V07_A_GLD_ALL,p2a_dia,25.0,44170.0,0.0003371711378177827,yes
MEX_2025_ENOE_V01_M_V07_A_GLD_ALL,p2a_dia,26.0,8616.0,6.577012731351633e-05,yes
MEX_2025_ENOE_V01_M_V07_A_GLD_ALL,p2a_dia,27.0,11123.0,8.490728018897889e-05,yes
MEX_2025_ENOE_V01_M_V07_A_GLD_ALL,p2a_dia,28.0,29796.0,0.00022744739013852512,yes
MEX_2025_ENOE_V01_M_V07_A_GLD_ALL,p2a_dia,29.0,13094.0,9.995288382581044e-05,yes
MEX_2025_ENOE_V01_M_V07_A_GLD_ALL,p2a_dia,3.0,46011.0,0.00035122438809449857,yes
MEX_2025_ENOE_V01_M_V07_A_GLD_ALL,p2a_dia,30.0,27353.0,0.00020879878045573493,yes
MEX_2025_ENOE_V01_M_V07_A_GLD_ALL,p2a_dia,31.0,8564.0,6.537318596947003e-05,yes
MEX_2025_ENOE_V01_M_V07_A_GLD_ALL,p2a_dia,4.0,20790.0,0.00015870020274466162,yes
MEX_2025_ENOE_V01_M_V07_A_GLD_ALL,p2a_dia,5.0,43618.0,0.00033295745278098365,yes
MEX_2025_ENOE_V01_M_V07_A_GLD_ALL,p2a_dia,6.0,25113.0,0.00019169976871220235,yes
MEX_2025_ENOE_V01_M_V07_A_GLD_ALL,p2a_dia,7.0,9095.0,6.942656777117351e-05,yes
MEX_2025_ENOE_V01_M_V07_A_GLD_ALL,p2a_dia,8.0,26835.0,0.000204844633990043,yes
MEX_2025_ENOE_V01_M_V07_A_GLD_ALL,p2a_dia,9.0,20339.0,0.00015525749993379858,yes
MEX_2025_ENOE_V01_M_V07_A_GLD_ALL,p2a_dia,99.0,491129.0,0.0037490270261559843,yes
MEX_2025_ENOE_V01_M_V07_A_GLD_ALL,p2a_dia,<MISSING>,129296814.0,0.986985598655065,yes
MEX_2025_ENOE_V01_M_V07_A_GLD_ALL,p2a_mes,1.0,56135.0,0.00042850581438535736,yes
MEX_2025_ENOE_V01_M_V07_A_GLD_ALL,p2a_mes,10.0,410198.0,0.0031312412585596298,yes
MEX_2025_ENOE_V01_M_V07_A_GLD_ALL,p2a_mes,11.0,324937.0,0.002480402490584036,yes
MEX_2025_ENOE_V01_M_V07_A_GLD_ALL,p2a_mes,12.0,84827.0,0.0006475258344502843,yes
MEX_2025_ENOE_V01_M_V07_A_GLD_ALL,p2a_mes,2.0,17607.0,0.00013440281239659725,yes
MEX_2025_ENOE_V01_M_V07_A_GLD_ALL,p2a_mes,3.0,19001.0,0.00014504389381199209,yes
MEX_2025_ENOE_V01_M_V07_A_GLD_ALL,p2a_mes,4.0,16182.0,0.00012352509287225175,yes
MEX_2025_ENOE_V01_M_V07_A_GLD_ALL,p2a_mes,5.0,47101.0,0.00035954488934469966,yes
MEX_2025_ENOE_V01_M_V07_A_GLD_ALL,p2a_mes,6.0,63645.0,0.0004858333046505045,yes
MEX_2025_ENOE_V01_M_V07_A_GLD_ALL,p2a_mes,7.0,87804.0,0.0006702507263969345,yes
MEX_2025_ENOE_V01_M_V07_A_GLD_ALL,p2a_mes,8.0,203491.0,0.001553345981563922,yes
MEX_2025_ENOE_V01_M_V07_A_GLD_ALL,p2a_mes,9.0,367875.0,0.002808169171942876,yes
MEX_2025_ENOE_V01_M_V07_A_GLD_ALL,p2a_mes,99.0,6106.0,4.661007397589725e-05,yes
MEX_2025_ENOE_V01_M_V07_A_GLD_ALL,p2a_mes,<MISSING>,129296814.0,0.986985598655065,yes
MEX_2025_ENOE_V01_M_V07_A_GLD_ALL,p2a_sem,1.0,193730.0,0.0014788355111940016,yes
MEX_2025_ENOE_V01_M_V07_A_GLD_ALL,p2a_sem,2.0,116738.0,0.0008911180504091537,yes
MEX_2025_ENOE_V01_M_V07_A_GLD_ALL,p2a_sem,3.0,37009.0,0.0002825077346501771,yes
MEX_2025_ENOE_V01_M_V07_A_GLD_ALL,p2a_sem,4.0,71074.0,0.0005425424824374256,yes
MEX_2025_ENOE_V01_M_V07_A_GLD_ALL,p2a_sem,9.0,72578.0,0.0005540232474652261,yes
MEX_2025_ENOE_V01_M_V07_A_GLD_ALL,p2a_sem,<MISSING>,130510594.0,0.996250972973844,yes
MEX_2025_ENOE_V01_M_V07_A_GLD_ALL,p2b,1.0,1573988.0,0.012015017542937203,yes
MEX_2025_ENOE_V01_M_V07_A_GLD_ALL,p2b,2.0,66527.0,0.0005078330152955316,yes
MEX_2025_ENOE_V01_M_V07_A_GLD_ALL,p2b,3.0,21093.0,0.0001610131494224698,yes
MEX_2025_ENOE_V01_M_V07_A_GLD_ALL,p2b,4.0,41965.0,0.0003203392981327429,yes
MEX_2025_ENOE_V01_M_V07_A_GLD_ALL,p2b,9.0,1336.0,1.0198339147035494e-05,yes
MEX_2025_ENOE_V01_M_V07_A_GLD_ALL,p2b,<MISSING>,129296814.0,0.986985598655065,yes
MEX_2025_ENOE_V01_M_V07_A_GLD_ALL,p2b_anio,2018.0,198.0,1.5114305023301105e-06,yes
MEX_2025_ENOE_V01_M_V07_A_GLD_ALL,p2b_anio,2020.0,116.0,8.854845367186507e-07,yes
MEX_2025_ENOE_V01_M_V07_A_GLD_ALL,p2b_anio,2021.0,139.0,1.0610547465852797e-06,yes
MEX_2025_ENOE_V01_M_V07_A_GLD_ALL,p2b_anio,2023.0,49.0,3.7404088188977486e-07,yes
MEX_2025_ENOE_V01_M_V07_A_GLD_ALL,p2b_anio,2024.0,2919.0,2.2282149678290874e-05,yes
MEX_2025_ENOE_V01_M_V07_A_GLD_ALL,p2b_anio,2025.0,1700064.0,0.012977417098552208,yes
MEX_2025_ENOE_V01_M_V07_A_GLD_ALL,p2b_anio,2026.0,88.0,6.717468899244936e-07,yes
MEX_2025_ENOE_V01_M_V07_A_GLD_ALL,p2b_anio,9999.0,1336.0,1.0198339147035494e-05,yes
MEX_2025_ENOE_V01_M_V07_A_GLD_ALL,p2b_anio,<MISSING>,129296814.0,0.986985598655065,yes
MEX_2025_ENOE_V01_M_V07_A_GLD_ALL,p2b_dia,1.0,80483.0,0.0006143659652476479,yes
MEX_2025_ENOE_V01_M_V07_A_GLD_ALL,p2b_dia,10.0,93226.0,0.0007116394950011459,yes
MEX_2025_ENOE_V01_M_V07_A_GLD_ALL,p2b_dia,11.0,37673.0,0.0002875763702741528,yes
MEX_2025_ENOE_V01_M_V07_A_GLD_ALL,p2b_dia,12.0,39879.0,0.0003044158434465782,yes
MEX_2025_ENOE_V01_M_V07_A_GLD_ALL,p2b_dia,13.0,35444.0,0.0002705613268918608,yes
MEX_2025_ENOE_V01_M_V07_A_GLD_ALL,p2b_dia,14.0,48497.0,0.0003702012377348655,yes
MEX_2025_ENOE_V01_M_V07_A_GLD_ALL,p2b_dia,15.0,103948.0,0.000793485746748537,yes
MEX_2025_ENOE_V01_M_V07_A_GLD_ALL,p2b_dia,16.0,20106.0,0.00015347889737297578,yes
MEX_2025_ENOE_V01_M_V07_A_GLD_ALL,p2b_dia,17.0,33779.0,0.00025785157039499395,yes
MEX_2025_ENOE_V01_M_V07_A_GLD_ALL,p2b_dia,18.0,38594.0,0.00029460681215620345,yes
MEX_2025_ENOE_V01_M_V07_A_GLD_ALL,p2b_dia,19.0,26909.0,0.00020540951205657044,yes
MEX_2025_ENOE_V01_M_V07_A_GLD_ALL,p2b_dia,2.0,40539.0,0.0003094539451210119,yes
MEX_2025_ENOE_V01_M_V07_A_GLD_ALL,p2b_dia,20.0,73603.0,0.0005618475720353694,yes
MEX_2025_ENOE_V01_M_V07_A_GLD_ALL,p2b_dia,21.0,37270.0,0.00028450007485779404,yes
MEX_2025_ENOE_V01_M_V07_A_GLD_ALL,p2b_dia,22.0,51469.0,0.0003928879622445882,yes
MEX_2025_ENOE_V01_M_V07_A_GLD_ALL,p2b_dia,23.0,19838.0,0.00015143312275366026,yes
MEX_2025_ENOE_V01_M_V07_A_GLD_ALL,p2b_dia,24.0,34933.0,0.0002666606148378674,yes
MEX_2025_ENOE_V01_M_V07_A_GLD_ALL,p2b_dia,25.0,48239.0,0.0003682317979894051,yes
MEX_2025_ENOE_V01_M_V07_A_GLD_ALL,p2b_dia,26.0,23219.0,0.00017724194360405472,yes
MEX_2025_ENOE_V01_M_V07_A_GLD_ALL,p2b_dia,27.0,40576.0,0.0003097363841542756,yes
MEX_2025_ENOE_V01_M_V07_A_GLD_ALL,p2b_dia,28.0,52709.0,0.0004023534866026151,yes
MEX_2025_ENOE_V01_M_V07_A_GLD_ALL,p2b_dia,29.0,28776.0,0.0002196612330053094,yes
MEX_2025_ENOE_V01_M_V07_A_GLD_ALL,p2b_dia,3.0,64646.0,0.0004934744255233956,yes
MEX_2025_ENOE_V01_M_V07_A_GLD_ALL,p2b_dia,30.0,84646.0,0.0006461441732335078,yes
MEX_2025_ENOE_V01_M_V07_A_GLD_ALL,p2b_dia,31.0,24118.0,0.00018410444876362428,yes
MEX_2025_ENOE_V01_M_V07_A_GLD_ALL,p2b_dia,4.0,41311.0,0.0003153469973826222,yes
MEX_2025_ENOE_V01_M_V07_A_GLD_ALL,p2b_dia,5.0,72849.0,0.0005560919225466981,yes
MEX_2025_ENOE_V01_M_V07_A_GLD_ALL,p2b_dia,6.0,45271.0,0.0003455756074292244,yes
MEX_2025_ENOE_V01_M_V07_A_GLD_ALL,p2b_dia,7.0,40814.0,0.00031155315415202595,yes
MEX_2025_ENOE_V01_M_V07_A_GLD_ALL,p2b_dia,8.0,40838.0,0.00031173635784927805,yes
MEX_2025_ENOE_V01_M_V07_A_GLD_ALL,p2b_dia,9.0,47278.0,0.0003608960166119342,yes
MEX_2025_ENOE_V01_M_V07_A_GLD_ALL,p2b_dia,99.0,233429.0,0.0017818773269111887,yes
MEX_2025_ENOE_V01_M_V07_A_GLD_ALL,p2b_dia,<MISSING>,129296814.0,0.986985598655065,yes
MEX_2025_ENOE_V01_M_V07_A_GLD_ALL,p2b_mes,1.0,4472.0,3.4136955587981085e-05,yes
MEX_2025_ENOE_V01_M_V07_A_GLD_ALL,p2b_mes,10.0,573720.0,0.004379484382812278,yes
MEX_2025_ENOE_V01_M_V07_A_GLD_ALL,p2b_mes,11.0,524041.0,0.004000260362987745,yes
MEX_2025_ENOE_V01_M_V07_A_GLD_ALL,p2b_mes,12.0,363383.0,0.002773879546607185,yes
MEX_2025_ENOE_V01_M_V07_A_GLD_ALL,p2b_mes,2.0,3945.0,3.0114107735819628e-05,yes
MEX_2025_ENOE_V01_M_V07_A_GLD_ALL,p2b_mes,3.0,1839.0,1.4037983301944815e-05,yes
MEX_2025_ENOE_V01_M_V07_A_GLD_ALL,p2b_mes,4.0,1984.0,1.5144838972843129e-05,yes
MEX_2025_ENOE_V01_M_V07_A_GLD_ALL,p2b_mes,5.0,7472.0,5.703741774449791e-05,yes
MEX_2025_ENOE_V01_M_V07_A_GLD_ALL,p2b_mes,6.0,8020.0,6.122056883175499e-05,yes
MEX_2025_ENOE_V01_M_V07_A_GLD_ALL,p2b_mes,7.0,9318.0,7.112883545814127e-05,yes
MEX_2025_ENOE_V01_M_V07_A_GLD_ALL,p2b_mes,8.0,23268.0,0.0001776159844859445,yes
MEX_2025_ENOE_V01_M_V07_A_GLD_ALL,p2b_mes,9.0,181910.0,0.0013886076902973254,yes
MEX_2025_ENOE_V01_M_V07_A_GLD_ALL,p2b_mes,99.0,1537.0,1.1732670111522121e-05,yes
MEX_2025_ENOE_V01_M_V07_A_GLD_ALL,p2b_mes,<MISSING>,129296814.0,0.986985598655065,yes
MEX_2025_ENOE_V01_M_V07_A_GLD_ALL,p2b_sem,1.0,79458.0,0.0006065416406775047,yes
MEX_2025_ENOE_V01_M_V07_A_GLD_ALL,p2b_sem,2.0,43516.0,0.00033217883706766207,yes
MEX_2025_ENOE_V01_M_V07_A_GLD_ALL,p2b_sem,3.0,20189.0,0.00015411247682597273,yes
MEX_2025_ENOE_V01_M_V07_A_GLD_ALL,p2b_sem,4.0,71672.0,0.000547107307893958,yes
MEX_2025_ENOE_V01_M_V07_A_GLD_ALL,p2b_sem,9.0,18594.0,0.0001419370644460913,yes
MEX_2025_ENOE_V01_M_V07_A_GLD_ALL,p2b_sem,<MISSING>,130768294.0,0.9982181226730888,yes
MEX_2025_ENOE_V01_M_V07_A_GLD_ALL,p6c,1.0,2819846.0,0.02152525887006845,yes
MEX_2025_ENOE_V01_M_V07_A_GLD_ALL,p6c,2.0,3930814.0,0.030005819083768846,yes
MEX_2025_ENOE_V01_M_V07_A_GLD_ALL,p6c,3.0,4760115.0,0.036336277806056035,yes
MEX_2025_ENOE_V01_M_V07_A_GLD_ALL,p6c,4.0,1361840.0,0.010395588461076959,yes
MEX_2025_ENOE_V01_M_V07_A_GLD_ALL,p6c,5.0,301601.0,0.002302267428955877,yes
MEX_2025_ENOE_V01_M_V07_A_GLD_ALL,p6c,6.0,71647.0,0.0005469164707093204,yes
MEX_2025_ENOE_V01_M_V07_A_GLD_ALL,p6c,7.0,20271.0,0.0001547384227915842,yes
MEX_2025_ENOE_V01_M_V07_A_GLD_ALL,p6c,8.0,3410743.0,0.026035863665701556,yes
MEX_2025_ENOE_V01_M_V07_A_GLD_ALL,p6c,9.0,4029598.0,0.030759885501658632,yes
MEX_2025_ENOE_V01_M_V07_A_GLD_ALL,p6c,<MISSING>,110295248.0,0.8419373842892127,yes
MEX_2025_ENOE_V01_M_V07_A_GLD_ALL,pob,0.0,74678851.0,0.570060067072553,yes
MEX_2025_ENOE_V01_M_V07_A_GLD_ALL,pob,1.0,35557081.0,0.27142452927890115,yes
MEX_2025_ENOE_V01_M_V07_A_GLD_ALL,pob,<MISSING>,20765791.0,0.1585154036485459,yes
MEX_2025_ENOE_V01_M_V07_A_GLD_ALL,potential_lf,0,82694061.0,0.6312440714997314,yes
MEX_2025_ENOE_V01_M_V07_A_GLD_ALL,potential_lf,1,48307662.0,0.36875592850026867,yes
MEX_2025_ENOE_V01_M_V07_A_GLD_ALL,relationcs,1,39675072.0,0.3028591616310268,yes
MEX_2025_ENOE_V01_M_V07_A_GLD_ALL,relationcs,2,23787944.0,0.18158497045111383,yes
MEX_2025_ENOE_V01_M_V07_A_GLD_ALL,relationcs,3,48808437.0,0.37257858814574524,yes
MEX_2025_ENOE_V01_M_V07_A_GLD_ALL,relationcs,4,18158238.0,0.1386106807160086,yes
MEX_2025_ENOE_V01_M_V07_A_GLD_ALL,relationcs,5,463820.0,0.0035405641191452114,yes
MEX_2025_ENOE_V01_M_V07_A_GLD_ALL,relationcs,6,70948.0,0.0005415806630268519,yes
MEX_2025_ENOE_V01_M_V07_A_GLD_ALL,relationcs,7,7995.0,6.102973164711734e-05,yes
MEX_2025_ENOE_V01_M_V07_A_GLD_ALL,relationcs,9,29269.0,0.00022342454228636366,yes
MEX_2025_ENOE_V01_M_V07_A_GLD_ALL,relationharm,1.0,39675072.0,0.3028591616310268,yes
MEX_2025_ENOE_V01_M_V07_A_GLD_ALL,relationharm,2.0,23787944.0,0.18158497045111383,yes
MEX_2025_ENOE_V01_M_V07_A_GLD_ALL,relationharm,3.0,48808437.0,0.37257858814574524,yes
MEX_2025_ENOE_V01_M_V07_A_GLD_ALL,relationharm,4.0,68682.0,0.0005242831806112963,yes
MEX_2025_ENOE_V01_M_V07_A_GLD_ALL,relationharm,5.0,2266.0,1.729748241555571e-05,yes
MEX_2025_ENOE_V01_M_V07_A_GLD_ALL,relationharm,6.0,18630053.0,0.14221227456680094,yes
MEX_2025_ENOE_V01_M_V07_A_GLD_ALL,relationharm,<MISSING>,29269.0,0.00022342454228636366,yes
MEX_2025_ENOE_V01_M_V07_A_GLD_ALL,school,0.0,91305260.0,0.6969775504403098,yes
MEX_2025_ENOE_V01_M_V07_A_GLD_ALL,school,1.0,32859456.0,0.2508322428705766,yes
MEX_2025_ENOE_V01_M_V07_A_GLD_ALL,school,<MISSING>,6837007.0,0.05219020668911355,yes
MEX_2025_ENOE_V01_M_V07_A_GLD_ALL,subnatid1,1,1519678.0,0.011600442843030393,yes
MEX_2025_ENOE_V01_M_V07_A_GLD_ALL,subnatid1,10,1954301.0,0.014918132030980998,yes
MEX_2025_ENOE_V01_M_V07_A_GLD_ALL,subnatid1,11,6376710.0,0.04867653534602747,yes
MEX_2025_ENOE_V01_M_V07_A_GLD_ALL,subnatid1,12,3578620.0,0.027317350627518083,yes
MEX_2025_ENOE_V01_M_V07_A_GLD_ALL,subnatid1,13,3228160.0,0.024642118638393787,yes
MEX_2025_ENOE_V01_M_V07_A_GLD_ALL,subnatid1,14,8761130.0,0.06687797533777476,yes
MEX_2025_ENOE_V01_M_V07_A_GLD_ALL,subnatid1,15,17789139.0,0.13579316815550585,yes
MEX_2025_ENOE_V01_M_V07_A_GLD_ALL,subnatid1,16,4940153.0,0.03771059560796769,yes
MEX_2025_ENOE_V01_M_V07_A_GLD_ALL,subnatid1,17,1984462.0,0.015148365644015232,yes
MEX_2025_ENOE_V01_M_V07_A_GLD_ALL,subnatid1,18,1257616.0,0.009599995871810022,yes
MEX_2025_ENOE_V01_M_V07_A_GLD_ALL,subnatid1,19,6310265.0,0.04816932827669755,yes
MEX_2025_ENOE_V01_M_V07_A_GLD_ALL,subnatid1,2,3790412.0,0.028934062187869085,yes
MEX_2025_ENOE_V01_M_V07_A_GLD_ALL,subnatid1,20,4190375.0,0.031987174703038065,yes
MEX_2025_ENOE_V01_M_V07_A_GLD_ALL,subnatid1,21,6624540.0,0.05056834252477733,yes
MEX_2025_ENOE_V01_M_V07_A_GLD_ALL,subnatid1,22,2498744.0,0.019074130803607828,yes
MEX_2025_ENOE_V01_M_V07_A_GLD_ALL,subnatid1,23,1920249.0,0.014658196518529761,yes
MEX_2025_ENOE_V01_M_V07_A_GLD_ALL,subnatid1,24,2924773.0,0.022326217800967395,yes
MEX_2025_ENOE_V01_M_V07_A_GLD_ALL,subnatid1,25,3135869.0,0.023937616454098087,yes
MEX_2025_ENOE_V01_M_V07_A_GLD_ALL,subnatid1,26,3032476.0,0.023148367292848505,yes
MEX_2025_ENOE_V01_M_V07_A_GLD_ALL,subnatid1,27,2567516.0,0.019599100998083818,yes
MEX_2025_ENOE_V01_M_V07_A_GLD_ALL,subnatid1,28,3597414.0,0.027460814389441274,yes
MEX_2025_ENOE_V01_M_V07_A_GLD_ALL,subnatid1,29,1449354.0,0.011063625476132096,yes
MEX_2025_ENOE_V01_M_V07_A_GLD_ALL,subnatid1,3,906940.0,0.006923115049410457,yes
MEX_2025_ENOE_V01_M_V07_A_GLD_ALL,subnatid1,30,8068202.0,0.06158851819071112,yes
MEX_2025_ENOE_V01_M_V07_A_GLD_ALL,subnatid1,31,2432221.0,0.01856632832226184,yes
MEX_2025_ENOE_V01_M_V07_A_GLD_ALL,subnatid1,32,1703991.0,0.013007393803515089,yes
MEX_2025_ENOE_V01_M_V07_A_GLD_ALL,subnatid1,4,918817.0,0.007013777979088107,yes
MEX_2025_ENOE_V01_M_V07_A_GLD_ALL,subnatid1,5,3582441.0,0.027346518182818098,yes
MEX_2025_ENOE_V01_M_V07_A_GLD_ALL,subnatid1,6,745394.0,0.005689955696231568,yes
MEX_2025_ENOE_V01_M_V07_A_GLD_ALL,subnatid1,7,5900473.0,0.04504118621401644,yes
MEX_2025_ENOE_V01_M_V07_A_GLD_ALL,subnatid1,8,3991333.0,0.030467790106852258,yes
MEX_2025_ENOE_V01_M_V07_A_GLD_ALL,subnatid1,9,9319955.0,0.07114375892597993,yes
MEX_2025_ENOE_V01_M_V07_A_GLD_ALL,subnatid2,1,20619541.0,0.1573990061184157,yes
MEX_2025_ENOE_V01_M_V07_A_GLD_ALL,subnatid2,10,825993.0,0.006305207146015935,yes
MEX_2025_ENOE_V01_M_V07_A_GLD_ALL,subnatid2,12,693808.0,0.005296174615962875,yes
MEX_2025_ENOE_V01_M_V07_A_GLD_ALL,subnatid2,13,680098.0,0.005191519503907594,yes
MEX_2025_ENOE_V01_M_V07_A_GLD_ALL,subnatid2,14,1032729.0,0.007883323794145821,yes
MEX_2025_ENOE_V01_M_V07_A_GLD_ALL,subnatid2,15,838515.0,0.006400793675057236,yes
MEX_2025_ENOE_V01_M_V07_A_GLD_ALL,subnatid2,16,1504452.0,0.011484215364098684,yes
MEX_2025_ENOE_V01_M_V07_A_GLD_ALL,subnatid2,17,1133719.0,0.008654229685208034,yes
MEX_2025_ENOE_V01_M_V07_A_GLD_ALL,subnatid2,18,487926.0,0.00372457696606021,yes
MEX_2025_ENOE_V01_M_V07_A_GLD_ALL,subnatid2,19,690482.0,0.005270785636918684,yes
MEX_2025_ENOE_V01_M_V07_A_GLD_ALL,subnatid2,2,4596746.0,0.03508920260537337,yes
MEX_2025_ENOE_V01_M_V07_A_GLD_ALL,subnatid2,20,1602133.0,0.012229862045402258,yes
MEX_2025_ENOE_V01_M_V07_A_GLD_ALL,subnatid2,21,1841825.0,0.014059547903808868,yes
MEX_2025_ENOE_V01_M_V07_A_GLD_ALL,subnatid2,24,844900.0,0.006449533492013689,yes
MEX_2025_ENOE_V01_M_V07_A_GLD_ALL,subnatid2,25,886032.0,0.006763514095154305,yes
MEX_2025_ENOE_V01_M_V07_A_GLD_ALL,subnatid2,26,662135.0,0.005054399170001757,yes
MEX_2025_ENOE_V01_M_V07_A_GLD_ALL,subnatid2,27,430825.0,0.003288697202860454,yes
MEX_2025_ENOE_V01_M_V07_A_GLD_ALL,subnatid2,28,255934.0,0.0019536689605219927,yes
MEX_2025_ENOE_V01_M_V07_A_GLD_ALL,subnatid2,29,872685.0,0.006661629939019962,yes
MEX_2025_ENOE_V01_M_V07_A_GLD_ALL,subnatid2,3,4843284.0,0.036971147318421146,yes
MEX_2025_ENOE_V01_M_V07_A_GLD_ALL,subnatid2,30,261733.0,0.0019979355538705394,yes
MEX_2025_ENOE_V01_M_V07_A_GLD_ALL,subnatid2,31,631021.0,0.004816890843489135,yes
MEX_2025_ENOE_V01_M_V07_A_GLD_ALL,subnatid2,32,337458.0,0.0025759813861379517,yes
MEX_2025_ENOE_V01_M_V07_A_GLD_ALL,subnatid2,33,301558.0,0.0023019391889983003,yes
MEX_2025_ENOE_V01_M_V07_A_GLD_ALL,subnatid2,36,1151342.0,0.008788754633402798,yes
MEX_2025_ENOE_V01_M_V07_A_GLD_ALL,subnatid2,39,901303.0,0.0068800850810183615,yes
MEX_2025_ENOE_V01_M_V07_A_GLD_ALL,subnatid2,4,2309164.0,0.017626974265063673,yes
MEX_2025_ENOE_V01_M_V07_A_GLD_ALL,subnatid2,40,284744.0,0.0021735897320984093,yes
MEX_2025_ENOE_V01_M_V07_A_GLD_ALL,subnatid2,41,947794.0,0.007234973543057903,yes
MEX_2025_ENOE_V01_M_V07_A_GLD_ALL,subnatid2,42,189273.0,0.0014448130579168032,yes
MEX_2025_ENOE_V01_M_V07_A_GLD_ALL,subnatid2,43,482331.0,0.003681867604138306,yes
MEX_2025_ENOE_V01_M_V07_A_GLD_ALL,subnatid2,44,859524.0,0.006561165611539323,yes
MEX_2025_ENOE_V01_M_V07_A_GLD_ALL,subnatid2,46,707159.0,0.005398089306046761,yes
MEX_2025_ENOE_V01_M_V07_A_GLD_ALL,subnatid2,5,1824957.0,0.01393078623859016,yes
MEX_2025_ENOE_V01_M_V07_A_GLD_ALL,subnatid2,52,261197.0,0.0019938440046319084,yes
MEX_2025_ENOE_V01_M_V07_A_GLD_ALL,subnatid2,6,1301875.0,0.009937846390005115,yes
MEX_2025_ENOE_V01_M_V07_A_GLD_ALL,subnatid2,7,1222479.0,0.00933177802554551,yes
MEX_2025_ENOE_V01_M_V07_A_GLD_ALL,subnatid2,8,1264782.0,0.009654697442414555,yes
MEX_2025_ENOE_V01_M_V07_A_GLD_ALL,subnatid2,81,15869374.0,0.12113866624487069,yes
MEX_2025_ENOE_V01_M_V07_A_GLD_ALL,subnatid2,82,4795226.0,0.03660429718164852,yes
MEX_2025_ENOE_V01_M_V07_A_GLD_ALL,subnatid2,83,8607323.0,0.0657038915434723,yes
MEX_2025_ENOE_V01_M_V07_A_GLD_ALL,subnatid2,84,8218965.0,0.06273936564941211,yes
MEX_2025_ENOE_V01_M_V07_A_GLD_ALL,subnatid2,85,6359478.0,0.048544995091400436,yes
MEX_2025_ENOE_V01_M_V07_A_GLD_ALL,subnatid2,86,25579894.0,0.1952637981715706,yes
MEX_2025_ENOE_V01_M_V07_A_GLD_ALL,subnatid2,9,988007.0,0.00754193897129124,yes
MEX_2025_ENOE_V01_M_V07_A_GLD_ALL,tamh,1,5385610.0,0.041110985998252865,yes
MEX_2025_ENOE_V01_M_V07_A_GLD_ALL,tamh,10,813020.0,0.00620617791416377,yes
MEX_2025_ENOE_V01_M_V07_A_GLD_ALL,tamh,11,429902.0,0.0032816514940036323,yes
MEX_2025_ENOE_V01_M_V07_A_GLD_ALL,tamh,12,288276.0,0.0022005512095440148,yes
MEX_2025_ENOE_V01_M_V07_A_GLD_ALL,tamh,13,140231.0,0.001070451569556837,yes
MEX_2025_ENOE_V01_M_V07_A_GLD_ALL,tamh,14,44856.0,0.0003424077101642396,yes
MEX_2025_ENOE_V01_M_V07_A_GLD_ALL,tamh,15,10035.0,7.660204591354878e-05,yes
MEX_2025_ENOE_V01_M_V07_A_GLD_ALL,tamh,16,25520.0,0.00019480659807810313,yes
MEX_2025_ENOE_V01_M_V07_A_GLD_ALL,tamh,17,10693.0,8.162488061321148e-05,yes
MEX_2025_ENOE_V01_M_V07_A_GLD_ALL,tamh,19,4028.0,3.0747687188816595e-05,yes
MEX_2025_ENOE_V01_M_V07_A_GLD_ALL,tamh,2,17943890.0,0.13697445796190025,yes
MEX_2025_ENOE_V01_M_V07_A_GLD_ALL,tamh,21,3234.0,2.468669820472514e-05,yes
MEX_2025_ENOE_V01_M_V07_A_GLD_ALL,tamh,3,25726104.0,0.19637989036220538,yes
MEX_2025_ENOE_V01_M_V07_A_GLD_ALL,tamh,4,33234624.0,0.253696083066022,yes
MEX_2025_ENOE_V01_M_V07_A_GLD_ALL,tamh,5,23835520.0,0.18194814124696665,yes
MEX_2025_ENOE_V01_M_V07_A_GLD_ALL,tamh,6,12639090.0,0.09648033407927009,yes
MEX_2025_ENOE_V01_M_V07_A_GLD_ALL,tamh,7,6132413.0,0.04681169727821061,yes
MEX_2025_ENOE_V01_M_V07_A_GLD_ALL,tamh,8,2917960.0,0.022274210851409945,yes
MEX_2025_ENOE_V01_M_V07_A_GLD_ALL,tamh,9,1416717.0,0.01081449134833135,yes
MEX_2025_ENOE_V01_M_V07_A_GLD_ALL,tipo,1,119131239.0,0.9093868101261539,yes
MEX_2025_ENOE_V01_M_V07_A_GLD_ALL,tipo,2,11870484.0,0.09061318987384616,yes
MEX_2025_ENOE_V01_M_V07_A_GLD_ALL,tue_ppal,0,70844508.0,0.5407906581503512,yes
MEX_2025_ENOE_V01_M_V07_A_GLD_ALL,tue_ppal,1,17814928.0,0.13599002816169067,yes
MEX_2025_ENOE_V01_M_V07_A_GLD_ALL,tue_ppal,2,42342287.0,0.32321931368795814,yes
MEX_2025_ENOE_V01_M_V07_A_GLD_ALL,urban,0,27968641.0,0.21349826826323498,yes
MEX_2025_ENOE_V01_M_V07_A_GLD_ALL,urban,1,103033082.0,0.786501731736765,yes
MEX_2025_ENOE_V01_M_V07_A_GLD_ALL,wmonths,1.0,26794.0,0.0002045316610072373,yes
MEX_2025_ENOE_V01_M_V07_A_GLD_ALL,wmonths,10.0,15938.0,0.0001216625219501884,yes
MEX_2025_ENOE_V01_M_V07_A_GLD_ALL,wmonths,11.0,5740.0,4.38162175928022e-05,yes
MEX_2025_ENOE_V01_M_V07_A_GLD_ALL,wmonths,12.0,32918708.0,0.2512845422651426,yes
MEX_2025_ENOE_V01_M_V07_A_GLD_ALL,wmonths,2.0,26366.0,0.0002012645284062409,yes
MEX_2025_ENOE_V01_M_V07_A_GLD_ALL,wmonths,3.0,27812.0,0.00021230255116568198,yes
MEX_2025_ENOE_V01_M_V07_A_GLD_ALL,wmonths,4.0,31073.0,0.0002371953535298158,yes
MEX_2025_ENOE_V01_M_V07_A_GLD_ALL,wmonths,5.0,23401.0,0.00017863123830821675,yes
MEX_2025_ENOE_V01_M_V07_A_GLD_ALL,wmonths,6.0,18671.0,0.00014252484297477524,yes
MEX_2025_ENOE_V01_M_V07_A_GLD_ALL,wmonths,7.0,24131.0,0.00018420368409963585,yes
MEX_2025_ENOE_V01_M_V07_A_GLD_ALL,wmonths,8.0,28444.0,0.00021712691519332154,yes
MEX_2025_ENOE_V01_M_V07_A_GLD_ALL,wmonths,9.0,21189.0,0.00016174596421147835,yes
MEX_2025_ENOE_V01_M_V07_A_GLD_ALL,wmonths,<MISSING>,97833456.0,0.7468104522564181,yes
MEX_2025_ENOE_V01_M_V07_A_GLD_ALL,zona,1,8540575.0,0.06519437152746457,yes
MEX_2025_ENOE_V01_M_V07_A_GLD_ALL,zona,2,122461148.0,0.9348056284725355,yes
