year,month,rural,urban
1992,1,124.78,169.99
1992,2,125.89,171.71
1992,3,127.45,173.37
1992,4,129.10,175.39
1992,5,127.91,174.97
1992,6,127.92,175.31
1992,7,127.75,175.21
1992,8,127.03,174.86
1992,9,127.06,175.09
1992,10,127.98,175.95
1992,11,130.01,177.90
1992,12,134.89,182.80
1993,1,137.39,186.02
1993,2,137.07,186.31
1993,3,134.98,184.54
1993,4,133.87,183.66
1993,5,135.07,184.91
1993,6,135.72,185.61
1993,7,135.47,185.47
1993,8,135.46,185.98
1993,9,136.63,187.30
1993,10,136.66,187.62
1993,11,137.39,188.46
1993,12,140.48,191.48
1994,1,142.35,193.85
1994,2,140.74,192.51
1994,3,139.83,191.74
1994,4,139.70,191.95
1994,5,139.94,192.09
1994,6,140.49,192.76
1994,7,141.62,194.16
1994,8,142.12,194.97
1994,9,142.57,195.60
1994,10,142.63,195.95
1994,11,143.76,197.20
1994,12,145.81,199.32
1995,1,151.24,206.91
1995,2,156.92,215.38
1995,3,163.59,224.12
1995,4,174.18,237.37
1995,5,182.82,248.00
1995,6,189.92,256.94
1995,7,194.33,262.80
1995,8,196.74,266.59
1995,9,199.15,270.18
1995,10,203.75,275.51
1995,11,212.37,285.50
1995,12,222.89,299.21
1996,1,232.28,312.47
1996,2,238.44,320.37
1996,3,243.13,326.56
1996,4,251.46,337.76
1996,5,258.59,346.32
1996,6,263.39,352.40
1996,7,266.75,357.09
1996,8,269.31,360.73
1996,9,273.93,366.95
1996,10,277.63,371.63
1996,11,283.23,378.36
1996,12,291.76,390.66
1997,1,301.61,403.41
1997,2,303.11,406.61
1997,3,303.67,408.04
1997,4,306.65,412.06
1997,5,308.73,415.18
1997,6,309.69,417.47
1997,7,312.12,420.76
1997,8,314.02,423.33
1997,9,317.35,427.38
1997,10,318.20,429.61
1997,11,321.35,433.95
1997,12,327.25,441.22
1998,1,336.11,453.63
1998,2,346.43,466.28
1998,3,352.23,473.37
1998,4,354.17,476.81
1998,5,354.72,478.14
1998,6,356.45,479.53
1998,7,360.84,484.20
1998,8,364.79,489.60
1998,9,369.94,496.64
1998,10,376.16,503.92
1998,11,381.99,510.87
1998,12,396.80,527.32
1999,1,412.34,544.33
1999,2,412.26,547.49
1999,3,407.70,544.55
1999,4,407.03,545.34
1999,5,408.34,548.09
1999,6,408.95,549.78
1999,7,410.42,552.27
1999,8,411.34,554.97
1999,9,412.04,556.51
1999,10,413.34,558.97
1999,11,415.60,562.05
1999,12,424.08,573.11
2000,1,430.47,581.24
2000,2,430.00,581.99
2000,3,429.12,581.20
2000,4,429.67,581.46
2000,5,433.81,586.33
2000,6,439.96,593.88
2000,7,444.03,599.66
2000,8,445.59,602.46
2000,9,444.76,602.09
2000,10,448.59,606.61
2000,11,452.25,611.21
2000,12,464.97,624.65
2001,1,464.16,625.18
2001,2,452.89,615.40
2001,3,455.05,617.81
2001,4,458.93,622.30
2001,5,463.29,627.00
2001,6,463.41,628.62
2001,7,461.34,627.61
2001,8,467.32,633.33
2001,9,470.06,635.99
2001,10,475.13,640.66
2001,11,477.16,643.41
2001,12,479.64,646.93
2002,1,485.12,654.15
2002,2,472.25,643.42
2002,3,472.74,644.52
2002,4,478.06,649.64
2002,5,482.12,653.57
2002,6,486.24,658.66
2002,7,489.82,662.79
2002,8,489.69,663.46
2002,9,488.28,662.41
2002,10,488.10,662.19
2002,11,493.05,667.65
2002,12,505.07,679.71
2003,1,504.88,681.29
2003,2,501.43,679.80
2003,3,511.40,690.72
2003,4,505.47,684.96
2003,5,506.44,685.71
2003,6,507.38,687.14
2003,7,511.72,691.33
2003,8,510.17,690.36
2003,9,514.42,694.73
2003,10,517.17,697.49
2003,11,523.12,704.40
2003,12,534.44,716.69
2004,1,533.96,718.79
2004,2,530.18,716.62
2004,3,531.18,717.71
2004,4,535.19,721.99
2004,5,537.02,723.77
2004,6,530.96,719.62
2004,7,533.63,723.18
2004,8,544.08,733.77
2004,9,557.91,749.09
2004,10,574.40,766.24
2004,11,582.05,774.81
2004,12,576.81,771.25
2005,1,556.47,753.34
2005,2,553.55,751.30
2005,3,560.32,757.95
2005,4,578.86,775.87
2005,5,589.48,786.20
2005,6,575.65,774.35
2005,7,580.37,779.98
2005,8,578.25,778.91
2005,9,578.39,780.54
2005,10,573.51,776.32
2005,11,566.96,770.25
2005,12,582.09,785.46
2006,1,594.29,798.32
2006,2,592.85,796.75
2006,3,582.06,786.58
2006,4,581.44,786.25
2006,5,586.76,792.17
2006,6,581.15,787.82
2006,7,581.93,789.72
2006,8,592.90,799.70
2006,9,622.43,826.06
2006,10,632.02,835.07
2006,11,620.24,825.21
2006,12,635.41,841.96
2007,1,643.07,850.98
2007,2,640.21,850.19
2007,3,641.21,852.51
2007,4,645.04,856.55
2007,5,626.43,836.14
2007,6,617.81,828.78
2007,7,625.61,837.62
2007,8,630.60,843.38
2007,9,646.43,859.73
2007,10,644.50,859.46
2007,11,648.14,864.07
2007,12,659.14,876.96
2008,1,659.31,878.62
2008,2,648.87,869.36
2008,3,659.18,879.34
2008,4,670.07,890.53
2008,5,671.59,893.33
2008,6,674.10,897.75
2008,7,683.61,908.00
2008,8,688.76,915.37
2008,9,695.31,923.95
2008,10,701.15,930.46
2008,11,715.52,946.32
2008,12,728.87,960.48
2009,1,723.94,958.15
2009,2,718.40,954.09
2009,3,731.17,967.28
2009,4,746.60,981.53
2009,5,747.71,983.09
2009,6,747.77,984.01
2009,7,749.58,987.17
2009,8,754.50,993.51
2009,9,770.29,1009.10
2009,10,762.70,1001.90
2009,11,756.70,996.18
2009,12,757.90,998.64
2010,1,769.35,1013.69
2010,2,773.85,1020.37
2010,3,799.00,1045.66
2010,4,790.44,1037.07
2010,5,767.41,1014.52
2010,6,751.95,1000.59
2010,7,752.65,1003.02
2010,8,756.65,1007.41
2010,9,763.82,1014.92
2010,10,773.16,1024.72
2010,11,779.03,1031.77
2010,12,786.78,1041.93
2011,1,790.74,1048.97
2011,2,794.45,1052.57
2011,3,788.74,1045.67
2011,4,809.77,1064.98
2011,5,791.06,1048.38
2011,6,778.17,1035.86
2011,7,789.17,1046.28
2011,8,793.01,1050.27
2011,9,800.44,1058.05
2011,10,806.11,1063.75
2011,11,813.56,1072.69
2011,12,832.29,1092.94
2012,1,847.08,1108.57
2012,2,841.13,1104.14
2012,3,842.59,1106.36
2012,4,840.52,1105.62
2012,5,843.85,1108.82
2012,6,858.86,1124.79
2012,7,875.65,1142.51
2012,8,878.71,1147.23
2012,9,898.38,1166.96
2012,10,900.75,1170.35
2012,11,898.09,1170.22
2012,12,904.19,1178.00
2013,1,904.49,1180.95
2013,2,902.56,1180.28
2013,3,917.69,1195.82
2013,4,920.23,1199.07
2013,5,921.94,1200.32
2013,6,914.54,1194.35
2013,7,906.55,1189.26
2013,8,914.24,1198.01
2013,9,919.88,1204.44
2013,10,918.49,1204.48
2013,11,935.38,1221.62
2013,12,948.40,1235.26
2014,1,951.39,1247.46
2014,2,951.19,1251.39
2014,3,955.56,1258.82
2014,4,941.84,1244.62
2014,5,938.91,1242.12
2014,6,939.06,1244.85
2014,7,944.88,1253.48
2014,8,952.67,1264.16
2014,9,964.89,1277.27
2014,10,970.49,1284.20
2014,11,978.65,1291.90
2014,12,997.22,1309.36
2015,1,982.68,1297.30
2015,2,973.48,1289.21
2015,3,988.35,1301.90
2015,4,992.21,1304.97
2015,5,981.99,1296.88
2015,6,982.48,1299.41
2015,7,987.67,1306.33
2015,8,990.65,1311.29
2015,9,997.79,1319.44
2015,10,1000.52,1323.44
2015,11,1000.61,1324.95
2015,12,1017.03,1341.26
2016,1,1034.91,1361.27
2016,2,1043.98,1371.40
2016,3,1040.96,1368.13
2016,4,1036.83,1365.67
2016,5,1029.74,1360.75
2016,6,1018.70,1350.92
2016,7,1015.44,1348.81
2016,8,1018.43,1351.24
2016,9,1043.65,1375.79
2016,10,1046.15,1378.54
2016,11,1052.21,1385.68
2016,12,1063.71,1400.83
2017,1,1061.81,1404.52
2017,2,1055.86,1401.71
2017,3,1067.37,1414.80
2017,4,1080.81,1428.69
2017,5,1090.90,1438.96
2017,6,1099.98,1449.85
2017,7,1120.08,1471.60
2017,8,1141.94,1495.99
2017,9,1146.75,1504.81
2017,10,1130.92,1491.07
2017,11,1138.99,1498.97
2017,12,1153.50,1513.63
2018,1,1151.09,1514.91
2018,2,1135.16,1500.89
2018,3,1148.31,1514.18
2018,4,1147.23,1514.53
2018,5,1136.49,1504.32
2018,6,1135.34,1506.10
2018,7,1145.50,1521.44
2018,8,1164.75,1544.07
2018,9,1168.41,1547.62
2018,10,1165.41,1543.15
2018,11,1185.71,1562.69
2018,12,1208.47,1586.96
2019,1,1218.00,1600.70
2019,2,1201.97,1587.74
2019,3,1208.60,1595.99
2019,4,1216.56,1605.23
2019,5,1210.27,1598.44
2019,6,1201.19,1589.23
2019,7,1218.42,1608.23
2019,8,1209.70,1602.22
2019,9,1209.15,1602.47
2019,10,1211.57,1604.28
2019,11,1224.81,1617.70
2019,12,1240.98,1637.36
2020,1,1255.26,1653.99
2020,2,1264.80,1663.30
2020,3,1278.35,1676.85
2020,4,1279.37,1677.69
2020,5,1289.46,1689.30
2020,6,1279.09,1679.08
2020,7,1287.59,1688.57
2020,8,1299.30,1702.28
2020,9,1308.91,1713.31
2020,10,1319.60,1724.37
2020,11,1315.69,1721.00
2020,12,1306.48,1713.89
2021,1,1313.46,1725.66
2021,2,1313.69,1728.88
2021,3,1326.23,1741.89
2021,4,1344.23,1759.59
2021,5,1360.83,1778.98
2021,6,1370.74,1793.40
2021,7,1383.84,1810.09
2021,8,1399.36,1828.54
2021,9,1417.04,1847.27
2021,10,1418.86,1850.69
2021,11,1447.57,1879.04
2021,12,1463.43,1901.66
2022,1,1481.10,1930.38
2022,2,1496.32,1950.26
2022,3,1517.96,1974.57
2022,4,1522.44,1978.54
2022,5,1523.90,1982.45
2022,6,1544.88,2011.99
2022,7,1566.95,2042.89
2022,8,1600.18,2086.21
2022,9,1625.57,2114.03
2022,10,1624.24,2112.10
2022,11,1620.78,2110.39
2022,12,1630.95,2124.70
2023,1,1644.23,2143.72
2023,2,1652.42,2154.80
2023,3,1659.09,2164.51
2023,4,1666.91,2173.93
2023,5,1666.33,2177.45
2023,6,1663.17,2179.44
2023,7,1672.74,2192.71
2023,8,1699.49,2220.46
2023,9,1721.14,2243.12
2023,10,1701.52,2224.83
2023,11,1703.61,2225.57
2023,12,1743.61,2269.57
2024,1,1798.56,2328.59
2024,2,1756.08,2293.38
2024,3,1750.51,2287.66
2024,4,1761.74,2298.82
2024,5,1767.03,2304.37
2024,6,1759.79,2302.24
2024,7,1804.36,2352.34
2024,8,1800.55,2354.65
2024,9,1786.88,2344.06
2024,10,1791.69,2349.71
2024,11,1799.17,2359.10
2024,12,1799.71,2363.67
2025,1,1795.77,2366.33
2025,2,1787.36,2364.01
2025,3,1797.48,2379.47
2025,4,1814.57,2400.01
2025,5,1844.87,2429.80
2025,6,1850.82,2441.49
2025,7,1856.91,2453.34
2025,8,1850.73,2452.05
2025,9,1850.65,2454.74
2025,10,1844.15,2450.01
2025,11,1854.63,2462.71
2025,12,1854.39,2467.15
2026,1,1863.17,2486.40
